"","Sp_Code","Sample","Location","Transect","Date","Time","Individual_id","Count","Batch_weight","Estimate","Length","Weight","Time.Period","AreaYear","AreaTP","Area","YMD","MonthYear","Month","Year","doy","GENUS","SPECIES","Common_Name","Piscivore","TimePeriod"
"1","F0051",9431,"HAMH","HH51",2018-05-30,"10:32:00 PM",1,1,NA,"N",650,2280,2,"Piers 5-7-2018","Piers 5-7-Pre","Piers 5-7","2018-05-30","May-2018","05","2018",150,"Amia","calva","Bowfin",TRUE,"Pre"
"2","F0075",10843,"HAMH","HH50",2022-10-24,"8:20:00 PM",1,1,NA,"N",782,4300,2,"Piers 5-7-2022","Piers 5-7-Post","Piers 5-7","2022-10-24","Oct-2022","10","2022",297,"Oncorhynchus","tshawytscha","Chinook salmon",TRUE,"Post"
"3","F0075",10850,"HAMH","HH55",2022-10-25,"8:16:00 PM",1,1,NA,"N",746,4580,2,"Macassa Bay-2022","Macassa Bay-Post","Macassa Bay","2022-10-25","Oct-2022","10","2022",298,"Oncorhynchus","tshawytscha","Chinook salmon",TRUE,"Post"
"4","F0075",10415,"HAMH","HH57",2019-10-16,"1:29:00 AM",1,1,NA,"N",805,7120,2,"Macassa Bay-2019","Macassa Bay-Pre","Macassa Bay","2019-10-16","Oct-2019","10","2019",289,"Oncorhynchus","tshawytscha","Chinook salmon",TRUE,"Pre"
"5","F0131",10698,"HAMH","HH52",2020-09-23,"11:25:00 PM",1,1,NA,"N",535,1380,2,"Construction Site-2020","Construction Site-Pre","Construction Site","2020-09-23","Sep-2020","09","2020",267,"Esox","lucius","Northern pike",TRUE,"Pre"
"6","F0131",10822,"HAMH","HH60",2021-10-19,"10:14:00 PM",1,1,NA,"N",740,1800,2,"Macassa Bay-2021","Macassa Bay-Construction","Macassa Bay","2021-10-19","Oct-2021","10","2021",292,"Esox","lucius","Northern pike",TRUE,"Construction"
"7","F0131",10223,"HAMH","HH53",2019-06-11,"10:35:00 PM",1,1,NA,"N",791,3640,2,"Piers 5-7-2019","Piers 5-7-Pre","Piers 5-7","2019-06-11","Jun-2019","06","2019",162,"Esox","lucius","Northern pike",TRUE,"Pre"
"8","F0251",9432,"HAMH","HH52",2018-05-30,"11:07:00 PM",1,1,NA,"N",679,566,2,"Construction Site-2018","Construction Site-Pre","Construction Site","2018-05-30","May-2018","05","2018",150,"Anguilla","rostrata","American eel",TRUE,"Pre"
"9","F0251",10121,"HAMH","HH53",2019-05-21,"10:39:00 PM",2,1,NA,"N",625,450,2,"Piers 5-7-2019","Piers 5-7-Pre","Piers 5-7","2019-05-21","May-2019","05","2019",141,"Anguilla","rostrata","American eel",TRUE,"Pre"
"10","F0251",10121,"HAMH","HH53",2019-05-21,"10:39:00 PM",1,1,NA,"N",605,390,2,"Piers 5-7-2019","Piers 5-7-Pre","Piers 5-7","2019-05-21","May-2019","05","2019",141,"Anguilla","rostrata","American eel",TRUE,"Pre"
"11","F0251",11072,"HAMH","HH51",2023-10-03,"11:30:00 PM",1,1,NA,"N",985,2080,2,"Piers 5-7-2023","Piers 5-7-Post","Piers 5-7","2023-10-03","Oct-2023","10","2023",276,"Anguilla","rostrata","American eel",TRUE,"Post"
"12","F0251",9461,"HAMH","HH56",2018-06-26,"11:40:00 PM",1,1,NA,"N",545,269,2,"Macassa Bay-2018","Macassa Bay-Pre","Macassa Bay","2018-06-26","Jun-2018","06","2018",177,"Anguilla","rostrata","American eel",TRUE,"Pre"
"13","F0251",10296,"HAMH","HH50",2019-07-17,"10:25:00 PM",1,1,NA,"N",449,540,2,"Piers 5-7-2019","Piers 5-7-Pre","Piers 5-7","2019-07-17","Jul-2019","07","2019",198,"Anguilla","rostrata","American eel",TRUE,"Pre"
"14","F0316",10360,"HAMH","HH52",2019-08-20,"12:30:00 AM",1,1,NA,"N",210,178,2,"Construction Site-2019","Construction Site-Pre","Construction Site","2019-08-20","Aug-2019","08","2019",232,"Micropterus","dolomieu","Smallmouth bass",TRUE,"Pre"
"15","F0316",11071,"HAMH","HH50",2023-10-03,"11:02:00 PM",1,1,NA,"N",69,4,2,"Piers 5-7-2023","Piers 5-7-Post","Piers 5-7","2023-10-03","Oct-2023","10","2023",276,"Micropterus","dolomieu","Smallmouth bass",TRUE,"Post"
"16","F0316",10227,"HAMH","HH52",2019-06-11,"11:10:00 PM",1,1,NA,"N",432,1590,2,"Construction Site-2019","Construction Site-Pre","Construction Site","2019-06-11","Jun-2019","06","2019",162,"Micropterus","dolomieu","Smallmouth bass",TRUE,"Pre"
"17","F0316",11071,"HAMH","HH50",2023-10-03,"11:02:00 PM",2,1,NA,"N",119,24,2,"Piers 5-7-2023","Piers 5-7-Post","Piers 5-7","2023-10-03","Oct-2023","10","2023",276,"Micropterus","dolomieu","Smallmouth bass",TRUE,"Post"
"18","F0316",11073,"HAMH","HH54",2023-10-04,"12:57:00 AM",1,1,NA,"N",408,1460,2,"Piers 5-7-2023","Piers 5-7-Post","Piers 5-7","2023-10-04","Oct-2023","10","2023",277,"Micropterus","dolomieu","Smallmouth bass",TRUE,"Post"
"19","F0316",9781,"HAMH","HH51",2018-08-09,"10:44:00 PM",1,1,NA,"N",174,84,2,"Piers 5-7-2018","Piers 5-7-Pre","Piers 5-7","2018-08-09","Aug-2018","08","2018",221,"Micropterus","dolomieu","Smallmouth bass",TRUE,"Pre"
"20","F0317",10823,"HAMH","HH55",2021-10-19,"9:04:00 PM",5,1,NA,"N",130,20,2,"Macassa Bay-2021","Macassa Bay-Construction","Macassa Bay","2021-10-19","Oct-2021","10","2021",292,"Micropterus","salmoides","Largemouth bass",TRUE,"Construction"
"21","F0317",10233,"HAMH","HH50",2019-06-17,"9:54:00 PM",2,1,NA,"N",131,33,2,"Piers 5-7-2019","Piers 5-7-Pre","Piers 5-7","2019-06-17","Jun-2019","06","2019",168,"Micropterus","salmoides","Largemouth bass",TRUE,"Pre"
"22","F0317",10355,"HAMH","HH50",2019-08-20,"12:46:00 AM",1,1,NA,"N",375,939,2,"Piers 5-7-2019","Piers 5-7-Pre","Piers 5-7","2019-08-20","Aug-2019","08","2019",232,"Micropterus","salmoides","Largemouth bass",TRUE,"Pre"
"23","F0317",10701,"HAMH","HH56",2020-09-24,"10:26:00 PM",1,1,NA,"N",75,8,2,"Macassa Bay-2020","Macassa Bay-Pre","Macassa Bay","2020-09-24","Sep-2020","09","2020",268,"Micropterus","salmoides","Largemouth bass",TRUE,"Pre"
"24","F0317",10823,"HAMH","HH55",2021-10-19,"9:04:00 PM",4,1,NA,"N",135,41,2,"Macassa Bay-2021","Macassa Bay-Construction","Macassa Bay","2021-10-19","Oct-2021","10","2021",292,"Micropterus","salmoides","Largemouth bass",TRUE,"Construction"
"25","F0317",11083,"HAMH","HH55",2023-09-27,"10:46:00 PM",5,1,NA,"N",85,9,2,"Macassa Bay-2023","Macassa Bay-Post","Macassa Bay","2023-09-27","Sep-2023","09","2023",270,"Micropterus","salmoides","Largemouth bass",TRUE,"Post"
"26","F0317",11083,"HAMH","HH55",2023-09-27,"10:46:00 PM",6,1,NA,"N",84,9,2,"Macassa Bay-2023","Macassa Bay-Post","Macassa Bay","2023-09-27","Sep-2023","09","2023",270,"Micropterus","salmoides","Largemouth bass",TRUE,"Post"
"27","F0317",10822,"HAMH","HH60",2021-10-19,"10:14:00 PM",2,1,NA,"N",72,10,2,"Macassa Bay-2021","Macassa Bay-Construction","Macassa Bay","2021-10-19","Oct-2021","10","2021",292,"Micropterus","salmoides","Largemouth bass",TRUE,"Construction"
"28","F0317",11074,"HAMH","HH52",2023-10-03,"12:10:00 AM",8,1,NA,"N",159,62,2,"Construction Site-2023","Construction Site-Post","Construction Site","2023-10-03","Oct-2023","10","2023",276,"Micropterus","salmoides","Largemouth bass",TRUE,"Post"
"29","F0317",10823,"HAMH","HH55",2021-10-19,"9:04:00 PM",3,1,NA,"N",72,3,2,"Macassa Bay-2021","Macassa Bay-Construction","Macassa Bay","2021-10-19","Oct-2021","10","2021",292,"Micropterus","salmoides","Largemouth bass",TRUE,"Construction"
"30","F0317",11083,"HAMH","HH55",2023-09-27,"10:46:00 PM",3,1,NA,"N",78,7,2,"Macassa Bay-2023","Macassa Bay-Post","Macassa Bay","2023-09-27","Sep-2023","09","2023",270,"Micropterus","salmoides","Largemouth bass",TRUE,"Post"
"31","F0317",10233,"HAMH","HH50",2019-06-17,"9:54:00 PM",1,1,NA,"N",133,32,2,"Piers 5-7-2019","Piers 5-7-Pre","Piers 5-7","2019-06-17","Jun-2019","06","2019",168,"Micropterus","salmoides","Largemouth bass",TRUE,"Pre"
"32","F0317",10822,"HAMH","HH60",2021-10-19,"10:14:00 PM",3,1,NA,"N",111,17,2,"Macassa Bay-2021","Macassa Bay-Construction","Macassa Bay","2021-10-19","Oct-2021","10","2021",292,"Micropterus","salmoides","Largemouth bass",TRUE,"Construction"
"33","F0317",10823,"HAMH","HH55",2021-10-19,"9:04:00 PM",2,1,NA,"N",91,6,2,"Macassa Bay-2021","Macassa Bay-Construction","Macassa Bay","2021-10-19","Oct-2021","10","2021",292,"Micropterus","salmoides","Largemouth bass",TRUE,"Construction"
"34","F0317",11083,"HAMH","HH55",2023-09-27,"10:46:00 PM",4,1,NA,"N",85,8,2,"Macassa Bay-2023","Macassa Bay-Post","Macassa Bay","2023-09-27","Sep-2023","09","2023",270,"Micropterus","salmoides","Largemouth bass",TRUE,"Post"
"35","F0317",10823,"HAMH","HH55",2021-10-19,"9:04:00 PM",9,1,NA,"N",96,12,2,"Macassa Bay-2021","Macassa Bay-Construction","Macassa Bay","2021-10-19","Oct-2021","10","2021",292,"Micropterus","salmoides","Largemouth bass",TRUE,"Construction"
"36","F0317",11074,"HAMH","HH52",2023-10-03,"12:10:00 AM",10,1,NA,"N",126,20,2,"Construction Site-2023","Construction Site-Post","Construction Site","2023-10-03","Oct-2023","10","2023",276,"Micropterus","salmoides","Largemouth bass",TRUE,"Post"
"37","F0317",11074,"HAMH","HH52",2023-10-03,"12:10:00 AM",11,1,NA,"N",103,15,2,"Construction Site-2023","Construction Site-Post","Construction Site","2023-10-03","Oct-2023","10","2023",276,"Micropterus","salmoides","Largemouth bass",TRUE,"Post"
"38","F0317",11074,"HAMH","HH52",2023-10-03,"12:10:00 AM",9,1,NA,"N",134,31,2,"Construction Site-2023","Construction Site-Post","Construction Site","2023-10-03","Oct-2023","10","2023",276,"Micropterus","salmoides","Largemouth bass",TRUE,"Post"
"39","F0317",9466,"HAMH","HH59",2018-06-27,"12:40:00 AM",1,1,NA,"N",459,2130,2,"Macassa Bay-2018","Macassa Bay-Pre","Macassa Bay","2018-06-27","Jun-2018","06","2018",178,"Micropterus","salmoides","Largemouth bass",TRUE,"Pre"
"40","F0317",10696,"HAMH","HH60",2020-09-21,"9:30:00 PM",7,1,NA,"N",287,468,2,"Macassa Bay-2020","Macassa Bay-Pre","Macassa Bay","2020-09-21","Sep-2020","09","2020",265,"Micropterus","salmoides","Largemouth bass",TRUE,"Pre"
"41","F0317",10844,"HAMH","HH52",2022-10-24,"9:34:00 PM",2,1,NA,"N",109,17,2,"Construction Site-2022","Construction Site-Post","Construction Site","2022-10-24","Oct-2022","10","2022",297,"Micropterus","salmoides","Largemouth bass",TRUE,"Post"
"42","F0317",10823,"HAMH","HH55",2021-10-19,"9:04:00 PM",1,1,NA,"N",89,9,2,"Macassa Bay-2021","Macassa Bay-Construction","Macassa Bay","2021-10-19","Oct-2021","10","2021",292,"Micropterus","salmoides","Largemouth bass",TRUE,"Construction"
"43","F0317",11074,"HAMH","HH52",2023-10-03,"12:10:00 AM",7,1,NA,"N",126,27,2,"Construction Site-2023","Construction Site-Post","Construction Site","2023-10-03","Oct-2023","10","2023",276,"Micropterus","salmoides","Largemouth bass",TRUE,"Post"
"44","F0317",9780,"HAMH","HH50",2018-08-09,"10:27:00 PM",1,1,NA,"N",106,20,2,"Piers 5-7-2018","Piers 5-7-Pre","Piers 5-7","2018-08-09","Aug-2018","08","2018",221,"Micropterus","salmoides","Largemouth bass",TRUE,"Pre"
"45","F0317",10850,"HAMH","HH55",2022-10-25,"8:16:00 PM",12,1,NA,"N",229,202,2,"Macassa Bay-2022","Macassa Bay-Post","Macassa Bay","2022-10-25","Oct-2022","10","2022",298,"Micropterus","salmoides","Largemouth bass",TRUE,"Post"
"46","F0317",10696,"HAMH","HH60",2020-09-21,"9:30:00 PM",5,1,NA,"N",73,6,2,"Macassa Bay-2020","Macassa Bay-Pre","Macassa Bay","2020-09-21","Sep-2020","09","2020",265,"Micropterus","salmoides","Largemouth bass",TRUE,"Pre"
"47","F0317",10635,"HAMH","HH50",2020-09-23,"10:37:00 PM",2,1,NA,"N",104,15,2,"Piers 5-7-2020","Piers 5-7-Pre","Piers 5-7","2020-09-23","Sep-2020","09","2020",267,"Micropterus","salmoides","Largemouth bass",TRUE,"Pre"
"48","F0317",10822,"HAMH","HH60",2021-10-19,"10:14:00 PM",4,1,NA,"N",117,21,2,"Macassa Bay-2021","Macassa Bay-Construction","Macassa Bay","2021-10-19","Oct-2021","10","2021",292,"Micropterus","salmoides","Largemouth bass",TRUE,"Construction"
"49","F0317",10409,"HAMH","HH50",2019-10-16,"8:40:00 PM",7,1,NA,"N",158,62,2,"Piers 5-7-2019","Piers 5-7-Pre","Piers 5-7","2019-10-16","Oct-2019","10","2019",289,"Micropterus","salmoides","Largemouth bass",TRUE,"Pre"
"50","F0317",10140,"HAMH","HH55",2019-05-23,"10:20:00 PM",1,1,NA,"N",425,1595,2,"Macassa Bay-2019","Macassa Bay-Pre","Macassa Bay","2019-05-23","May-2019","05","2019",143,"Micropterus","salmoides","Largemouth bass",TRUE,"Pre"
"51","F0317",9466,"HAMH","HH59",2018-06-27,"12:40:00 AM",2,1,NA,"N",399,1130,2,"Macassa Bay-2018","Macassa Bay-Pre","Macassa Bay","2018-06-27","Jun-2018","06","2018",178,"Micropterus","salmoides","Largemouth bass",TRUE,"Pre"
"52","F0317",10686,"HAMH","HH53",2020-10-21,"7:35:00 PM",1,1,NA,"N",113,21,2,"Piers 5-7-2020","Piers 5-7-Pre","Piers 5-7","2020-10-21","Oct-2020","10","2020",295,"Micropterus","salmoides","Largemouth bass",TRUE,"Pre"
"53","F0317",11083,"HAMH","HH55",2023-09-27,"10:46:00 PM",2,1,NA,"N",105,19,2,"Macassa Bay-2023","Macassa Bay-Post","Macassa Bay","2023-09-27","Sep-2023","09","2023",270,"Micropterus","salmoides","Largemouth bass",TRUE,"Post"
"54","F0317",10844,"HAMH","HH52",2022-10-24,"9:34:00 PM",4,1,NA,"N",300,435,2,"Construction Site-2022","Construction Site-Post","Construction Site","2022-10-24","Oct-2022","10","2022",297,"Micropterus","salmoides","Largemouth bass",TRUE,"Post"
"55","F0317",10845,"HAMH","HH51",2022-10-24,"9:19:00 PM",2,1,NA,"N",260,327,2,"Piers 5-7-2022","Piers 5-7-Post","Piers 5-7","2022-10-24","Oct-2022","10","2022",297,"Micropterus","salmoides","Largemouth bass",TRUE,"Post"
"56","F0317",11083,"HAMH","HH55",2023-09-27,"10:46:00 PM",1,1,NA,"N",122,25,2,"Macassa Bay-2023","Macassa Bay-Post","Macassa Bay","2023-09-27","Sep-2023","09","2023",270,"Micropterus","salmoides","Largemouth bass",TRUE,"Post"
"57","F0317",10696,"HAMH","HH60",2020-09-21,"9:30:00 PM",4,1,NA,"N",90,10,2,"Macassa Bay-2020","Macassa Bay-Pre","Macassa Bay","2020-09-21","Sep-2020","09","2020",265,"Micropterus","salmoides","Largemouth bass",TRUE,"Pre"
"58","F0317",10845,"HAMH","HH51",2022-10-24,"9:19:00 PM",4,1,NA,"N",263,328,2,"Piers 5-7-2022","Piers 5-7-Post","Piers 5-7","2022-10-24","Oct-2022","10","2022",297,"Micropterus","salmoides","Largemouth bass",TRUE,"Post"
"59","F0317",10822,"HAMH","HH60",2021-10-19,"10:14:00 PM",1,1,NA,"N",155,78,2,"Macassa Bay-2021","Macassa Bay-Construction","Macassa Bay","2021-10-19","Oct-2021","10","2021",292,"Micropterus","salmoides","Largemouth bass",TRUE,"Construction"
"60","F0317",9471,"HAMH","HH60",2018-06-27,"12:33:00 AM",1,1,NA,"N",409,1368,2,"Macassa Bay-2018","Macassa Bay-Pre","Macassa Bay","2018-06-27","Jun-2018","06","2018",178,"Micropterus","salmoides","Largemouth bass",TRUE,"Pre"
"61","F0317",10848,"HAMH","HH53",2022-10-24,"10:30:00 PM",1,1,NA,"N",161,67,2,"Piers 5-7-2022","Piers 5-7-Post","Piers 5-7","2022-10-24","Oct-2022","10","2022",297,"Micropterus","salmoides","Largemouth bass",TRUE,"Post"
"62","F0317",10823,"HAMH","HH55",2021-10-19,"9:04:00 PM",7,1,NA,"N",92,4,2,"Macassa Bay-2021","Macassa Bay-Construction","Macassa Bay","2021-10-19","Oct-2021","10","2021",292,"Micropterus","salmoides","Largemouth bass",TRUE,"Construction"
"63","F0317",10410,"HAMH","HH51",2019-10-16,"8:28:00 PM",12,1,NA,"N",216,160,2,"Piers 5-7-2019","Piers 5-7-Pre","Piers 5-7","2019-10-16","Oct-2019","10","2019",289,"Micropterus","salmoides","Largemouth bass",TRUE,"Pre"
"64","F0317",11085,"HAMH","HH60",2023-09-27,"9:30:00 PM",8,1,NA,"N",84,8,2,"Macassa Bay-2023","Macassa Bay-Post","Macassa Bay","2023-09-27","Sep-2023","09","2023",270,"Micropterus","salmoides","Largemouth bass",TRUE,"Post"
"65","F0317",11085,"HAMH","HH60",2023-09-27,"9:30:00 PM",7,1,NA,"N",76,5,2,"Macassa Bay-2023","Macassa Bay-Post","Macassa Bay","2023-09-27","Sep-2023","09","2023",270,"Micropterus","salmoides","Largemouth bass",TRUE,"Post"
"66","F0317",10409,"HAMH","HH50",2019-10-16,"8:40:00 PM",6,1,NA,"N",160,71,2,"Piers 5-7-2019","Piers 5-7-Pre","Piers 5-7","2019-10-16","Oct-2019","10","2019",289,"Micropterus","salmoides","Largemouth bass",TRUE,"Pre"
"67","F0317",10409,"HAMH","HH50",2019-10-16,"8:40:00 PM",5,1,NA,"N",148,55,2,"Piers 5-7-2019","Piers 5-7-Pre","Piers 5-7","2019-10-16","Oct-2019","10","2019",289,"Micropterus","salmoides","Largemouth bass",TRUE,"Pre"
"68","F0317",10409,"HAMH","HH50",2019-10-16,"8:40:00 PM",4,1,NA,"N",453,1820,2,"Piers 5-7-2019","Piers 5-7-Pre","Piers 5-7","2019-10-16","Oct-2019","10","2019",289,"Micropterus","salmoides","Largemouth bass",TRUE,"Pre"
"69","F0317",10570,"HAMH","HH56",2020-10-20,"10:25:00 PM",1,1,NA,"N",81,6,2,"Macassa Bay-2020","Macassa Bay-Pre","Macassa Bay","2020-10-20","Oct-2020","10","2020",294,"Micropterus","salmoides","Largemouth bass",TRUE,"Pre"
"70","F0317",11047,"HAMH","HH51",2023-07-20,"11:59:00 PM",1,1,NA,"N",470,2090,2,"Piers 5-7-2023","Piers 5-7-Post","Piers 5-7","2023-07-20","Jul-2023","07","2023",201,"Micropterus","salmoides","Largemouth bass",TRUE,"Post"
"71","F0317",11074,"HAMH","HH52",2023-10-03,"12:10:00 AM",6,1,NA,"N",152,47,2,"Construction Site-2023","Construction Site-Post","Construction Site","2023-10-03","Oct-2023","10","2023",276,"Micropterus","salmoides","Largemouth bass",TRUE,"Post"
"72","F0317",10823,"HAMH","HH55",2021-10-19,"9:04:00 PM",6,1,NA,"N",128,18,2,"Macassa Bay-2021","Macassa Bay-Construction","Macassa Bay","2021-10-19","Oct-2021","10","2021",292,"Micropterus","salmoides","Largemouth bass",TRUE,"Construction"
"73","F0317",11074,"HAMH","HH52",2023-10-03,"12:10:00 AM",14,1,NA,"N",104,19,2,"Construction Site-2023","Construction Site-Post","Construction Site","2023-10-03","Oct-2023","10","2023",276,"Micropterus","salmoides","Largemouth bass",TRUE,"Post"
"74","F0317",11074,"HAMH","HH52",2023-10-03,"12:10:00 AM",12,1,NA,"N",266,322,2,"Construction Site-2023","Construction Site-Post","Construction Site","2023-10-03","Oct-2023","10","2023",276,"Micropterus","salmoides","Largemouth bass",TRUE,"Post"
"75","F0317",10123,"HAMH","HH50",2019-05-21,"11:54:00 PM",2,1,NA,"N",178,84,2,"Piers 5-7-2019","Piers 5-7-Pre","Piers 5-7","2019-05-21","May-2019","05","2019",141,"Micropterus","salmoides","Largemouth bass",TRUE,"Pre"
"76","F0317",11074,"HAMH","HH52",2023-10-03,"12:10:00 AM",13,1,NA,"N",184,100,2,"Construction Site-2023","Construction Site-Post","Construction Site","2023-10-03","Oct-2023","10","2023",276,"Micropterus","salmoides","Largemouth bass",TRUE,"Post"
"77","F0317",10337,"HAMH","HH53",2019-08-20,"12:01:00 AM",2,1,NA,"N",77,7,2,"Piers 5-7-2019","Piers 5-7-Pre","Piers 5-7","2019-08-20","Aug-2019","08","2019",232,"Micropterus","salmoides","Largemouth bass",TRUE,"Pre"
"78","F0317",10823,"HAMH","HH55",2021-10-19,"9:04:00 PM",8,1,NA,"N",132,19,2,"Macassa Bay-2021","Macassa Bay-Construction","Macassa Bay","2021-10-19","Oct-2021","10","2021",292,"Micropterus","salmoides","Largemouth bass",TRUE,"Construction"
"79","F0317",11085,"HAMH","HH60",2023-09-27,"9:30:00 PM",6,1,NA,"N",80,6,2,"Macassa Bay-2023","Macassa Bay-Post","Macassa Bay","2023-09-27","Sep-2023","09","2023",270,"Micropterus","salmoides","Largemouth bass",TRUE,"Post"
"80","F0317",10835,"HAMH","HH58",2022-08-04,"11:59:00 AM",1,1,NA,"N",71,7,2,"Macassa Bay-2022","Macassa Bay-Post","Macassa Bay","2022-08-04","Aug-2022","08","2022",216,"Micropterus","salmoides","Largemouth bass",TRUE,"Post"
"81","F0317",10223,"HAMH","HH53",2019-06-11,"10:35:00 PM",1,1,NA,"N",112,16,2,"Piers 5-7-2019","Piers 5-7-Pre","Piers 5-7","2019-06-11","Jun-2019","06","2019",162,"Micropterus","salmoides","Largemouth bass",TRUE,"Pre"
"82","F0317",10409,"HAMH","HH50",2019-10-16,"8:40:00 PM",2,1,NA,"N",110,15,2,"Piers 5-7-2019","Piers 5-7-Pre","Piers 5-7","2019-10-16","Oct-2019","10","2019",289,"Micropterus","salmoides","Largemouth bass",TRUE,"Pre"
"83","F0317",10696,"HAMH","HH60",2020-09-21,"9:30:00 PM",6,1,NA,"N",84,8,2,"Macassa Bay-2020","Macassa Bay-Pre","Macassa Bay","2020-09-21","Sep-2020","09","2020",265,"Micropterus","salmoides","Largemouth bass",TRUE,"Pre"
"84","F0317",10223,"HAMH","HH53",2019-06-11,"10:35:00 PM",2,1,NA,"N",114,18,2,"Piers 5-7-2019","Piers 5-7-Pre","Piers 5-7","2019-06-11","Jun-2019","06","2019",162,"Micropterus","salmoides","Largemouth bass",TRUE,"Pre"
"85","F0317",11072,"HAMH","HH51",2023-10-03,"11:30:00 PM",8,1,NA,"N",109,18,2,"Piers 5-7-2023","Piers 5-7-Post","Piers 5-7","2023-10-03","Oct-2023","10","2023",276,"Micropterus","salmoides","Largemouth bass",TRUE,"Post"
"86","F0317",11069,"HAMH","HH56",2023-10-03,"10:30:00 PM",5,1,NA,"N",149,53,2,"Macassa Bay-2023","Macassa Bay-Post","Macassa Bay","2023-10-03","Oct-2023","10","2023",276,"Micropterus","salmoides","Largemouth bass",TRUE,"Post"
"87","F0317",10848,"HAMH","HH53",2022-10-24,"10:30:00 PM",3,1,NA,"N",102,14,2,"Piers 5-7-2022","Piers 5-7-Post","Piers 5-7","2022-10-24","Oct-2022","10","2022",297,"Micropterus","salmoides","Largemouth bass",TRUE,"Post"
"88","F0317",10771,"HAMH","HH58",2021-07-28,"11:23:00 PM",1,1,NA,"N",51,2,2,"Macassa Bay-2021","Macassa Bay-Construction","Macassa Bay","2021-07-28","Jul-2021","07","2021",209,"Micropterus","salmoides","Largemouth bass",TRUE,"Construction"
"89","F0317",10377,"HAMH","HH55",2019-08-21,"11:20:00 PM",4,1,NA,"N",195,122,2,"Macassa Bay-2019","Macassa Bay-Pre","Macassa Bay","2019-08-21","Aug-2019","08","2019",233,"Micropterus","salmoides","Largemouth bass",TRUE,"Pre"
"90","F0317",10382,"HAMH","HH60",2019-08-21,"10:27:00 PM",1,1,NA,"N",78,7,2,"Macassa Bay-2019","Macassa Bay-Pre","Macassa Bay","2019-08-21","Aug-2019","08","2019",233,"Micropterus","salmoides","Largemouth bass",TRUE,"Pre"
"91","F0317",10410,"HAMH","HH51",2019-10-16,"8:28:00 PM",11,1,NA,"N",124,27,2,"Piers 5-7-2019","Piers 5-7-Pre","Piers 5-7","2019-10-16","Oct-2019","10","2019",289,"Micropterus","salmoides","Largemouth bass",TRUE,"Pre"
"92","F0317",10837,"HAMH","HH50",2022-08-03,"12:32:00 AM",1,1,NA,"N",70,12,2,"Piers 5-7-2022","Piers 5-7-Post","Piers 5-7","2022-08-03","Aug-2022","08","2022",215,"Micropterus","salmoides","Largemouth bass",TRUE,"Post"
"93","F0317",10682,"HAMH","HH59",2020-09-24,"10:11:00 PM",3,1,NA,"N",85,9,2,"Macassa Bay-2020","Macassa Bay-Pre","Macassa Bay","2020-09-24","Sep-2020","09","2020",268,"Micropterus","salmoides","Largemouth bass",TRUE,"Pre"
"94","F0317",10682,"HAMH","HH59",2020-09-24,"10:11:00 PM",2,1,NA,"N",94,9,2,"Macassa Bay-2020","Macassa Bay-Pre","Macassa Bay","2020-09-24","Sep-2020","09","2020",268,"Micropterus","salmoides","Largemouth bass",TRUE,"Pre"
"95","F0317",10822,"HAMH","HH60",2021-10-19,"10:14:00 PM",7,1,NA,"N",96,20,2,"Macassa Bay-2021","Macassa Bay-Construction","Macassa Bay","2021-10-19","Oct-2021","10","2021",292,"Micropterus","salmoides","Largemouth bass",TRUE,"Construction"
"96","F0317",10732,"HAMH","HH60",2021-08-26,"12:40:00 AM",2,1,NA,"N",87,8,2,"Macassa Bay-2021","Macassa Bay-Construction","Macassa Bay","2021-08-26","Aug-2021","08","2021",238,"Micropterus","salmoides","Largemouth bass",TRUE,"Construction"
"97","F0317",10410,"HAMH","HH51",2019-10-16,"8:28:00 PM",5,1,NA,"N",83,9,2,"Piers 5-7-2019","Piers 5-7-Pre","Piers 5-7","2019-10-16","Oct-2019","10","2019",289,"Micropterus","salmoides","Largemouth bass",TRUE,"Pre"
"98","F0317",10696,"HAMH","HH60",2020-09-21,"9:30:00 PM",3,1,NA,"N",98,15,2,"Macassa Bay-2020","Macassa Bay-Pre","Macassa Bay","2020-09-21","Sep-2020","09","2020",265,"Micropterus","salmoides","Largemouth bass",TRUE,"Pre"
"99","F0317",11069,"HAMH","HH56",2023-10-03,"10:30:00 PM",1,1,NA,"N",164,66,2,"Macassa Bay-2023","Macassa Bay-Post","Macassa Bay","2023-10-03","Oct-2023","10","2023",276,"Micropterus","salmoides","Largemouth bass",TRUE,"Post"
"100","F0317",11069,"HAMH","HH56",2023-10-03,"10:30:00 PM",2,1,NA,"N",153,86,2,"Macassa Bay-2023","Macassa Bay-Post","Macassa Bay","2023-10-03","Oct-2023","10","2023",276,"Micropterus","salmoides","Largemouth bass",TRUE,"Post"
"101","F0317",9460,"HAMH","HH55",2018-06-26,"11:30:00 PM",1,1,NA,"N",30,1,2,"Macassa Bay-2018","Macassa Bay-Pre","Macassa Bay","2018-06-26","Jun-2018","06","2018",177,"Micropterus","salmoides","Largemouth bass",TRUE,"Pre"
"102","F0317",10123,"HAMH","HH50",2019-05-21,"11:54:00 PM",1,1,NA,"N",144,44,2,"Piers 5-7-2019","Piers 5-7-Pre","Piers 5-7","2019-05-21","May-2019","05","2019",141,"Micropterus","salmoides","Largemouth bass",TRUE,"Pre"
"103","F0317",10829,"HAMH","HH55",2022-08-04,"11:00:00 PM",2,1,NA,"N",80,8,2,"Macassa Bay-2022","Macassa Bay-Post","Macassa Bay","2022-08-04","Aug-2022","08","2022",216,"Micropterus","salmoides","Largemouth bass",TRUE,"Post"
"104","F0317",10683,"HAMH","HH55",2020-09-24,"9:17:00 PM",1,1,NA,"N",237,264,2,"Macassa Bay-2020","Macassa Bay-Pre","Macassa Bay","2020-09-24","Sep-2020","09","2020",268,"Micropterus","salmoides","Largemouth bass",TRUE,"Pre"
"105","F0317",10682,"HAMH","HH59",2020-09-24,"10:11:00 PM",1,1,NA,"N",126,30,2,"Macassa Bay-2020","Macassa Bay-Pre","Macassa Bay","2020-09-24","Sep-2020","09","2020",268,"Micropterus","salmoides","Largemouth bass",TRUE,"Pre"
"106","F0317",10772,"HAMH","HH60",2021-07-28,"11:33:00 PM",1,1,NA,"N",92,15,2,"Macassa Bay-2021","Macassa Bay-Construction","Macassa Bay","2021-07-28","Jul-2021","07","2021",209,"Micropterus","salmoides","Largemouth bass",TRUE,"Construction"
"107","F0317",10844,"HAMH","HH52",2022-10-24,"9:34:00 PM",1,1,NA,"N",177,82,2,"Construction Site-2022","Construction Site-Post","Construction Site","2022-10-24","Oct-2022","10","2022",297,"Micropterus","salmoides","Largemouth bass",TRUE,"Post"
"108","F0317",10850,"HAMH","HH55",2022-10-25,"8:16:00 PM",11,1,NA,"N",122,28,2,"Macassa Bay-2022","Macassa Bay-Post","Macassa Bay","2022-10-25","Oct-2022","10","2022",298,"Micropterus","salmoides","Largemouth bass",TRUE,"Post"
"109","F0317",10772,"HAMH","HH60",2021-07-28,"11:33:00 PM",3,1,NA,"N",360,783,2,"Macassa Bay-2021","Macassa Bay-Construction","Macassa Bay","2021-07-28","Jul-2021","07","2021",209,"Micropterus","salmoides","Largemouth bass",TRUE,"Construction"
"110","F0317",10850,"HAMH","HH55",2022-10-25,"8:16:00 PM",10,1,NA,"N",142,39,2,"Macassa Bay-2022","Macassa Bay-Post","Macassa Bay","2022-10-25","Oct-2022","10","2022",298,"Micropterus","salmoides","Largemouth bass",TRUE,"Post"
"111","F0317",10844,"HAMH","HH52",2022-10-24,"9:34:00 PM",3,1,NA,"N",113,20,2,"Construction Site-2022","Construction Site-Post","Construction Site","2022-10-24","Oct-2022","10","2022",297,"Micropterus","salmoides","Largemouth bass",TRUE,"Post"
"112","F0317",10819,"HAMH","HH58",2021-10-19,"10:06:00 PM",2,1,NA,"N",81,5,2,"Macassa Bay-2021","Macassa Bay-Construction","Macassa Bay","2021-10-19","Oct-2021","10","2021",292,"Micropterus","salmoides","Largemouth bass",TRUE,"Construction"
"113","F0317",10819,"HAMH","HH58",2021-10-19,"10:06:00 PM",3,1,NA,"N",168,80,2,"Macassa Bay-2021","Macassa Bay-Construction","Macassa Bay","2021-10-19","Oct-2021","10","2021",292,"Micropterus","salmoides","Largemouth bass",TRUE,"Construction"
"114","F0317",10771,"HAMH","HH58",2021-07-28,"11:23:00 PM",2,1,NA,"N",416,1224,2,"Macassa Bay-2021","Macassa Bay-Construction","Macassa Bay","2021-07-28","Jul-2021","07","2021",209,"Micropterus","salmoides","Largemouth bass",TRUE,"Construction"
"115","F0317",10822,"HAMH","HH60",2021-10-19,"10:14:00 PM",15,1,NA,"N",171,91,2,"Macassa Bay-2021","Macassa Bay-Construction","Macassa Bay","2021-10-19","Oct-2021","10","2021",292,"Micropterus","salmoides","Largemouth bass",TRUE,"Construction"
"116","F0317",10837,"HAMH","HH50",2022-08-03,"12:32:00 AM",3,1,NA,"N",456,2460,2,"Piers 5-7-2022","Piers 5-7-Post","Piers 5-7","2022-08-03","Aug-2022","08","2022",215,"Micropterus","salmoides","Largemouth bass",TRUE,"Post"
"117","F0317",11046,"HAMH","HH54",2023-07-21,"1:19:00 AM",4,1,NA,"N",62,5,2,"Piers 5-7-2023","Piers 5-7-Post","Piers 5-7","2023-07-21","Jul-2023","07","2023",202,"Micropterus","salmoides","Largemouth bass",TRUE,"Post"
"118","F0317",10337,"HAMH","HH53",2019-08-20,"12:01:00 AM",1,1,NA,"N",67,6,2,"Piers 5-7-2019","Piers 5-7-Pre","Piers 5-7","2019-08-20","Aug-2019","08","2019",232,"Micropterus","salmoides","Largemouth bass",TRUE,"Pre"
"119","F0317",10837,"HAMH","HH50",2022-08-03,"12:32:00 AM",2,1,NA,"N",124,26,2,"Piers 5-7-2022","Piers 5-7-Post","Piers 5-7","2022-08-03","Aug-2022","08","2022",215,"Micropterus","salmoides","Largemouth bass",TRUE,"Post"
"120","F0317",10382,"HAMH","HH60",2019-08-21,"10:27:00 PM",2,1,NA,"N",158,53,2,"Macassa Bay-2019","Macassa Bay-Pre","Macassa Bay","2019-08-21","Aug-2019","08","2019",233,"Micropterus","salmoides","Largemouth bass",TRUE,"Pre"
"121","F0317",10635,"HAMH","HH50",2020-09-23,"10:37:00 PM",1,1,NA,"N",148,60,2,"Piers 5-7-2020","Piers 5-7-Pre","Piers 5-7","2020-09-23","Sep-2020","09","2020",267,"Micropterus","salmoides","Largemouth bass",TRUE,"Pre"
"122","F0317",10698,"HAMH","HH52",2020-09-23,"11:25:00 PM",2,1,NA,"N",109,18,2,"Construction Site-2020","Construction Site-Pre","Construction Site","2020-09-23","Sep-2020","09","2020",267,"Micropterus","salmoides","Largemouth bass",TRUE,"Pre"
"123","F0317",9831,"HAMH","HH51",2018-10-11,"7:30:00 PM",2,1,NA,"B",115,21,2,"Piers 5-7-2018","Piers 5-7-Pre","Piers 5-7","2018-10-11","Oct-2018","10","2018",284,"Micropterus","salmoides","Largemouth bass",TRUE,"Pre"
"124","F0317",9831,"HAMH","HH51",2018-10-11,"7:30:00 PM",3,1,NA,"B",154,58,2,"Piers 5-7-2018","Piers 5-7-Pre","Piers 5-7","2018-10-11","Oct-2018","10","2018",284,"Micropterus","salmoides","Largemouth bass",TRUE,"Pre"
"125","F0317",11071,"HAMH","HH50",2023-10-03,"11:02:00 PM",1,1,NA,"N",387,1160,2,"Piers 5-7-2023","Piers 5-7-Post","Piers 5-7","2023-10-03","Oct-2023","10","2023",276,"Micropterus","salmoides","Largemouth bass",TRUE,"Post"
"126","F0317",10822,"HAMH","HH60",2021-10-19,"10:14:00 PM",13,1,NA,"N",82,12,2,"Macassa Bay-2021","Macassa Bay-Construction","Macassa Bay","2021-10-19","Oct-2021","10","2021",292,"Micropterus","salmoides","Largemouth bass",TRUE,"Construction"
"127","F0317",9781,"HAMH","HH51",2018-08-09,"10:44:00 PM",7,1,NA,"N",89,11,2,"Piers 5-7-2018","Piers 5-7-Pre","Piers 5-7","2018-08-09","Aug-2018","08","2018",221,"Micropterus","salmoides","Largemouth bass",TRUE,"Pre"
"128","F0317",11069,"HAMH","HH56",2023-10-03,"10:30:00 PM",4,1,NA,"N",135,37,2,"Macassa Bay-2023","Macassa Bay-Post","Macassa Bay","2023-10-03","Oct-2023","10","2023",276,"Micropterus","salmoides","Largemouth bass",TRUE,"Post"
"129","F0317",10822,"HAMH","HH60",2021-10-19,"10:14:00 PM",14,1,NA,"N",251,290,2,"Macassa Bay-2021","Macassa Bay-Construction","Macassa Bay","2021-10-19","Oct-2021","10","2021",292,"Micropterus","salmoides","Largemouth bass",TRUE,"Construction"
"130","F0317",11074,"HAMH","HH52",2023-10-03,"12:10:00 AM",5,1,NA,"N",164,61,2,"Construction Site-2023","Construction Site-Post","Construction Site","2023-10-03","Oct-2023","10","2023",276,"Micropterus","salmoides","Largemouth bass",TRUE,"Post"
"131","F0317",11069,"HAMH","HH56",2023-10-03,"10:30:00 PM",3,1,NA,"N",119,41,2,"Macassa Bay-2023","Macassa Bay-Post","Macassa Bay","2023-10-03","Oct-2023","10","2023",276,"Micropterus","salmoides","Largemouth bass",TRUE,"Post"
"132","F0317",10848,"HAMH","HH53",2022-10-24,"10:30:00 PM",2,1,NA,"N",196,124,2,"Piers 5-7-2022","Piers 5-7-Post","Piers 5-7","2022-10-24","Oct-2022","10","2022",297,"Micropterus","salmoides","Largemouth bass",TRUE,"Post"
"133","F0317",11046,"HAMH","HH54",2023-07-21,"1:19:00 AM",5,1,NA,"N",71,4,2,"Piers 5-7-2023","Piers 5-7-Post","Piers 5-7","2023-07-21","Jul-2023","07","2023",202,"Micropterus","salmoides","Largemouth bass",TRUE,"Post"
"134","F0317",10729,"HAMH","HH56",2021-08-26,"12:17:00 AM",1,1,NA,"N",77,5,2,"Macassa Bay-2021","Macassa Bay-Construction","Macassa Bay","2021-08-26","Aug-2021","08","2021",238,"Micropterus","salmoides","Largemouth bass",TRUE,"Construction"
"135","F0317",10848,"HAMH","HH53",2022-10-24,"10:30:00 PM",5,1,NA,"N",78,6,2,"Piers 5-7-2022","Piers 5-7-Post","Piers 5-7","2022-10-24","Oct-2022","10","2022",297,"Micropterus","salmoides","Largemouth bass",TRUE,"Post"
"136","F0317",10410,"HAMH","HH51",2019-10-16,"8:28:00 PM",3,1,NA,"N",94,12,2,"Piers 5-7-2019","Piers 5-7-Pre","Piers 5-7","2019-10-16","Oct-2019","10","2019",289,"Micropterus","salmoides","Largemouth bass",TRUE,"Pre"
"137","F0317",10682,"HAMH","HH59",2020-09-24,"10:11:00 PM",4,1,NA,"N",125,174,2,"Macassa Bay-2020","Macassa Bay-Pre","Macassa Bay","2020-09-24","Sep-2020","09","2020",268,"Micropterus","salmoides","Largemouth bass",TRUE,"Pre"
"138","F0317",10845,"HAMH","HH51",2022-10-24,"9:19:00 PM",3,1,NA,"N",350,189,2,"Piers 5-7-2022","Piers 5-7-Post","Piers 5-7","2022-10-24","Oct-2022","10","2022",297,"Micropterus","salmoides","Largemouth bass",TRUE,"Post"
"139","F0317",10850,"HAMH","HH55",2022-10-25,"8:16:00 PM",9,1,NA,"N",104,16,2,"Macassa Bay-2022","Macassa Bay-Post","Macassa Bay","2022-10-25","Oct-2022","10","2022",298,"Micropterus","salmoides","Largemouth bass",TRUE,"Post"
"140","F0317",10822,"HAMH","HH60",2021-10-19,"10:14:00 PM",12,1,NA,"N",78,7,2,"Macassa Bay-2021","Macassa Bay-Construction","Macassa Bay","2021-10-19","Oct-2021","10","2021",292,"Micropterus","salmoides","Largemouth bass",TRUE,"Construction"
"141","F0317",10377,"HAMH","HH55",2019-08-21,"11:20:00 PM",2,1,NA,"N",235,230,2,"Macassa Bay-2019","Macassa Bay-Pre","Macassa Bay","2019-08-21","Aug-2019","08","2019",233,"Micropterus","salmoides","Largemouth bass",TRUE,"Pre"
"142","F0317",10850,"HAMH","HH55",2022-10-25,"8:16:00 PM",13,1,NA,"N",79,7,2,"Macassa Bay-2022","Macassa Bay-Post","Macassa Bay","2022-10-25","Oct-2022","10","2022",298,"Micropterus","salmoides","Largemouth bass",TRUE,"Post"
"143","F0317",9781,"HAMH","HH51",2018-08-09,"10:44:00 PM",8,1,NA,"N",72,5,2,"Piers 5-7-2018","Piers 5-7-Pre","Piers 5-7","2018-08-09","Aug-2018","08","2018",221,"Micropterus","salmoides","Largemouth bass",TRUE,"Pre"
"144","F0317",11046,"HAMH","HH54",2023-07-21,"1:19:00 AM",3,1,NA,"N",86,6,2,"Piers 5-7-2023","Piers 5-7-Post","Piers 5-7","2023-07-21","Jul-2023","07","2023",202,"Micropterus","salmoides","Largemouth bass",TRUE,"Post"
"145","F0317",10603,"HAMH","HH60",2020-10-21,"8:21:00 PM",1,1,NA,"N",107,21,2,"Macassa Bay-2020","Macassa Bay-Pre","Macassa Bay","2020-10-21","Oct-2020","10","2020",295,"Micropterus","salmoides","Largemouth bass",TRUE,"Pre"
"146","F0317",10699,"HAMH","HH53",2020-09-23,"11:38:00 PM",7,1,NA,"N",104,19,2,"Piers 5-7-2020","Piers 5-7-Pre","Piers 5-7","2020-09-23","Sep-2020","09","2020",267,"Micropterus","salmoides","Largemouth bass",TRUE,"Pre"
"147","F0317",11074,"HAMH","HH52",2023-10-03,"12:10:00 AM",3,1,NA,"N",105,18,2,"Construction Site-2023","Construction Site-Post","Construction Site","2023-10-03","Oct-2023","10","2023",276,"Micropterus","salmoides","Largemouth bass",TRUE,"Post"
"148","F0317",10685,"HAMH","HH52",2020-10-21,"7:48:00 PM",1,1,NA,"N",165,70,2,"Construction Site-2020","Construction Site-Pre","Construction Site","2020-10-21","Oct-2020","10","2020",295,"Micropterus","salmoides","Largemouth bass",TRUE,"Pre"
"149","F0317",10845,"HAMH","HH51",2022-10-24,"9:19:00 PM",1,1,NA,"N",215,166,2,"Piers 5-7-2022","Piers 5-7-Post","Piers 5-7","2022-10-24","Oct-2022","10","2022",297,"Micropterus","salmoides","Largemouth bass",TRUE,"Post"
"150","F0317",10699,"HAMH","HH53",2020-09-23,"11:38:00 PM",6,1,NA,"N",117,24,2,"Piers 5-7-2020","Piers 5-7-Pre","Piers 5-7","2020-09-23","Sep-2020","09","2020",267,"Micropterus","salmoides","Largemouth bass",TRUE,"Pre"
"151","F0317",9781,"HAMH","HH51",2018-08-09,"10:44:00 PM",2,1,NA,"N",96,14,2,"Piers 5-7-2018","Piers 5-7-Pre","Piers 5-7","2018-08-09","Aug-2018","08","2018",221,"Micropterus","salmoides","Largemouth bass",TRUE,"Pre"
"152","F0317",9781,"HAMH","HH51",2018-08-09,"10:44:00 PM",3,1,NA,"N",116,28,2,"Piers 5-7-2018","Piers 5-7-Pre","Piers 5-7","2018-08-09","Aug-2018","08","2018",221,"Micropterus","salmoides","Largemouth bass",TRUE,"Pre"
"153","F0317",10418,"HAMH","HH59",2019-10-16,"9:33:00 PM",3,1,NA,"N",179,85,2,"Macassa Bay-2019","Macassa Bay-Pre","Macassa Bay","2019-10-16","Oct-2019","10","2019",289,"Micropterus","salmoides","Largemouth bass",TRUE,"Pre"
"154","F0317",11071,"HAMH","HH50",2023-10-03,"11:02:00 PM",2,1,NA,"N",240,249,2,"Piers 5-7-2023","Piers 5-7-Post","Piers 5-7","2023-10-03","Oct-2023","10","2023",276,"Micropterus","salmoides","Largemouth bass",TRUE,"Post"
"155","F0317",11071,"HAMH","HH50",2023-10-03,"11:02:00 PM",3,1,NA,"N",165,66,2,"Piers 5-7-2023","Piers 5-7-Post","Piers 5-7","2023-10-03","Oct-2023","10","2023",276,"Micropterus","salmoides","Largemouth bass",TRUE,"Post"
"156","F0317",11074,"HAMH","HH52",2023-10-03,"12:10:00 AM",4,1,NA,"N",177,78,2,"Construction Site-2023","Construction Site-Post","Construction Site","2023-10-03","Oct-2023","10","2023",276,"Micropterus","salmoides","Largemouth bass",TRUE,"Post"
"157","F0317",10847,"HAMH","HH54",2022-10-24,"10:43:00 PM",2,1,NA,"N",84,8,2,"Piers 5-7-2022","Piers 5-7-Post","Piers 5-7","2022-10-24","Oct-2022","10","2022",297,"Micropterus","salmoides","Largemouth bass",TRUE,"Post"
"158","F0317",10411,"HAMH","HH52",2019-10-16,"7:53:00 PM",1,1,NA,"N",73,5,2,"Construction Site-2019","Construction Site-Pre","Construction Site","2019-10-16","Oct-2019","10","2019",289,"Micropterus","salmoides","Largemouth bass",TRUE,"Pre"
"159","F0317",10829,"HAMH","HH55",2022-08-04,"11:00:00 PM",1,1,NA,"N",151,59,2,"Macassa Bay-2022","Macassa Bay-Post","Macassa Bay","2022-08-04","Aug-2022","08","2022",216,"Micropterus","salmoides","Largemouth bass",TRUE,"Post"
"160","F0317",10634,"HAMH","HH51",2020-09-23,"9:43:00 PM",2,1,NA,"N",112,21,2,"Piers 5-7-2020","Piers 5-7-Pre","Piers 5-7","2020-09-23","Sep-2020","09","2020",267,"Micropterus","salmoides","Largemouth bass",TRUE,"Pre"
"161","F0317",10698,"HAMH","HH52",2020-09-23,"11:25:00 PM",1,1,NA,"N",135,37,2,"Construction Site-2020","Construction Site-Pre","Construction Site","2020-09-23","Sep-2020","09","2020",267,"Micropterus","salmoides","Largemouth bass",TRUE,"Pre"
"162","F0317",10822,"HAMH","HH60",2021-10-19,"10:14:00 PM",6,1,NA,"N",100,15,2,"Macassa Bay-2021","Macassa Bay-Construction","Macassa Bay","2021-10-19","Oct-2021","10","2021",292,"Micropterus","salmoides","Largemouth bass",TRUE,"Construction"
"163","F0317",9781,"HAMH","HH51",2018-08-09,"10:44:00 PM",1,1,NA,"N",97,13,2,"Piers 5-7-2018","Piers 5-7-Pre","Piers 5-7","2018-08-09","Aug-2018","08","2018",221,"Micropterus","salmoides","Largemouth bass",TRUE,"Pre"
"164","F0317",11046,"HAMH","HH54",2023-07-21,"1:19:00 AM",8,1,NA,"N",68,5,2,"Piers 5-7-2023","Piers 5-7-Post","Piers 5-7","2023-07-21","Jul-2023","07","2023",202,"Micropterus","salmoides","Largemouth bass",TRUE,"Post"
"165","F0317",10843,"HAMH","HH50",2022-10-24,"8:20:00 PM",2,1,NA,"N",219,181,2,"Piers 5-7-2022","Piers 5-7-Post","Piers 5-7","2022-10-24","Oct-2022","10","2022",297,"Micropterus","salmoides","Largemouth bass",TRUE,"Post"
"166","F0317",10732,"HAMH","HH60",2021-08-26,"12:40:00 AM",3,1,NA,"N",62,4,2,"Macassa Bay-2021","Macassa Bay-Construction","Macassa Bay","2021-08-26","Aug-2021","08","2021",238,"Micropterus","salmoides","Largemouth bass",TRUE,"Construction"
"167","F0317",9781,"HAMH","HH51",2018-08-09,"10:44:00 PM",4,1,NA,"N",91,11,2,"Piers 5-7-2018","Piers 5-7-Pre","Piers 5-7","2018-08-09","Aug-2018","08","2018",221,"Micropterus","salmoides","Largemouth bass",TRUE,"Pre"
"168","F0317",10377,"HAMH","HH55",2019-08-21,"11:20:00 PM",3,1,NA,"N",242,256,2,"Macassa Bay-2019","Macassa Bay-Pre","Macassa Bay","2019-08-21","Aug-2019","08","2019",233,"Micropterus","salmoides","Largemouth bass",TRUE,"Pre"
"169","F0317",10635,"HAMH","HH50",2020-09-23,"10:37:00 PM",8,1,NA,"N",104,16,2,"Piers 5-7-2020","Piers 5-7-Pre","Piers 5-7","2020-09-23","Sep-2020","09","2020",267,"Micropterus","salmoides","Largemouth bass",TRUE,"Pre"
"170","F0317",10778,"HAMH","HH55",2021-07-28,"10:13:00 PM",5,1,NA,"B",85,9,2,"Macassa Bay-2021","Macassa Bay-Construction","Macassa Bay","2021-07-28","Jul-2021","07","2021",209,"Micropterus","salmoides","Largemouth bass",TRUE,"Construction"
"171","F0317",10696,"HAMH","HH60",2020-09-21,"9:30:00 PM",1,1,NA,"N",82,6,2,"Macassa Bay-2020","Macassa Bay-Pre","Macassa Bay","2020-09-21","Sep-2020","09","2020",265,"Micropterus","salmoides","Largemouth bass",TRUE,"Pre"
"172","F0317",10850,"HAMH","HH55",2022-10-25,"8:16:00 PM",5,1,NA,"N",145,49,2,"Macassa Bay-2022","Macassa Bay-Post","Macassa Bay","2022-10-25","Oct-2022","10","2022",298,"Micropterus","salmoides","Largemouth bass",TRUE,"Post"
"173","F0317",10410,"HAMH","HH51",2019-10-16,"8:28:00 PM",9,1,NA,"N",94,12,2,"Piers 5-7-2019","Piers 5-7-Pre","Piers 5-7","2019-10-16","Oct-2019","10","2019",289,"Micropterus","salmoides","Largemouth bass",TRUE,"Pre"
"174","F0317",9781,"HAMH","HH51",2018-08-09,"10:44:00 PM",12,1,NA,"N",56,2,2,"Piers 5-7-2018","Piers 5-7-Pre","Piers 5-7","2018-08-09","Aug-2018","08","2018",221,"Micropterus","salmoides","Largemouth bass",TRUE,"Pre"
"175","F0317",10419,"HAMH","HH55",2019-10-16,"12:26:00 AM",1,1,NA,"N",225,182,2,"Macassa Bay-2019","Macassa Bay-Pre","Macassa Bay","2019-10-16","Oct-2019","10","2019",289,"Micropterus","salmoides","Largemouth bass",TRUE,"Pre"
"176","F0317",10848,"HAMH","HH53",2022-10-24,"10:30:00 PM",4,1,NA,"N",84,8,2,"Piers 5-7-2022","Piers 5-7-Post","Piers 5-7","2022-10-24","Oct-2022","10","2022",297,"Micropterus","salmoides","Largemouth bass",TRUE,"Post"
"177","F0317",11084,"HAMH","HH58",2023-09-27,"9:40:00 PM",2,1,NA,"N",114,36,2,"Macassa Bay-2023","Macassa Bay-Post","Macassa Bay","2023-09-27","Sep-2023","09","2023",270,"Micropterus","salmoides","Largemouth bass",TRUE,"Post"
"178","F0317",10819,"HAMH","HH58",2021-10-19,"10:06:00 PM",1,1,NA,"N",67,8,2,"Macassa Bay-2021","Macassa Bay-Construction","Macassa Bay","2021-10-19","Oct-2021","10","2021",292,"Micropterus","salmoides","Largemouth bass",TRUE,"Construction"
"179","F0317",10410,"HAMH","HH51",2019-10-16,"8:28:00 PM",4,1,NA,"N",93,11,2,"Piers 5-7-2019","Piers 5-7-Pre","Piers 5-7","2019-10-16","Oct-2019","10","2019",289,"Micropterus","salmoides","Largemouth bass",TRUE,"Pre"
"180","F0317",10410,"HAMH","HH51",2019-10-16,"8:28:00 PM",6,1,NA,"N",106,16,2,"Piers 5-7-2019","Piers 5-7-Pre","Piers 5-7","2019-10-16","Oct-2019","10","2019",289,"Micropterus","salmoides","Largemouth bass",TRUE,"Pre"
"181","F0317",9781,"HAMH","HH51",2018-08-09,"10:44:00 PM",5,1,NA,"N",80,6,2,"Piers 5-7-2018","Piers 5-7-Pre","Piers 5-7","2018-08-09","Aug-2018","08","2018",221,"Micropterus","salmoides","Largemouth bass",TRUE,"Pre"
"182","F0317",10822,"HAMH","HH60",2021-10-19,"10:14:00 PM",11,1,NA,"N",87,9,2,"Macassa Bay-2021","Macassa Bay-Construction","Macassa Bay","2021-10-19","Oct-2021","10","2021",292,"Micropterus","salmoides","Largemouth bass",TRUE,"Construction"
"183","F0317",10699,"HAMH","HH53",2020-09-23,"11:38:00 PM",8,1,NA,"N",140,42,2,"Piers 5-7-2020","Piers 5-7-Pre","Piers 5-7","2020-09-23","Sep-2020","09","2020",267,"Micropterus","salmoides","Largemouth bass",TRUE,"Pre"
"184","F0317",9435,"HAMH","HH55",2018-05-28,"10:19:00 PM",1,1,NA,"N",415,1250,2,"Macassa Bay-2018","Macassa Bay-Pre","Macassa Bay","2018-05-28","May-2018","05","2018",148,"Micropterus","salmoides","Largemouth bass",TRUE,"Pre"
"185","F0317",10728,"HAMH","HH55",2021-08-25,"11:59:00 PM",1,1,NA,"N",71,8,2,"Macassa Bay-2021","Macassa Bay-Construction","Macassa Bay","2021-08-25","Aug-2021","08","2021",237,"Micropterus","salmoides","Largemouth bass",TRUE,"Construction"
"186","F0317",11071,"HAMH","HH50",2023-10-03,"11:02:00 PM",5,1,NA,"N",137,46,2,"Piers 5-7-2023","Piers 5-7-Post","Piers 5-7","2023-10-03","Oct-2023","10","2023",276,"Micropterus","salmoides","Largemouth bass",TRUE,"Post"
"187","F0317",10410,"HAMH","HH51",2019-10-16,"8:28:00 PM",10,1,NA,"N",78,7,2,"Piers 5-7-2019","Piers 5-7-Pre","Piers 5-7","2019-10-16","Oct-2019","10","2019",289,"Micropterus","salmoides","Largemouth bass",TRUE,"Pre"
"188","F0317",10772,"HAMH","HH60",2021-07-28,"11:33:00 PM",2,1,NA,"N",75,7,2,"Macassa Bay-2021","Macassa Bay-Construction","Macassa Bay","2021-07-28","Jul-2021","07","2021",209,"Micropterus","salmoides","Largemouth bass",TRUE,"Construction"
"189","F0317",11074,"HAMH","HH52",2023-10-03,"12:10:00 AM",2,1,NA,"N",128,25,2,"Construction Site-2023","Construction Site-Post","Construction Site","2023-10-03","Oct-2023","10","2023",276,"Micropterus","salmoides","Largemouth bass",TRUE,"Post"
"190","F0317",10732,"HAMH","HH60",2021-08-26,"12:40:00 AM",1,1,NA,"N",115,22,2,"Macassa Bay-2021","Macassa Bay-Construction","Macassa Bay","2021-08-26","Aug-2021","08","2021",238,"Micropterus","salmoides","Largemouth bass",TRUE,"Construction"
"191","F0317",10897,"HAMH","HH53",2022-08-02,"10:20:00 PM",1,1,NA,"N",184,99,2,"Piers 5-7-2022","Piers 5-7-Post","Piers 5-7","2022-08-02","Aug-2022","08","2022",214,"Micropterus","salmoides","Largemouth bass",TRUE,"Post"
"192","F0317",11084,"HAMH","HH58",2023-09-27,"9:40:00 PM",1,1,NA,"N",104,13,2,"Macassa Bay-2023","Macassa Bay-Post","Macassa Bay","2023-09-27","Sep-2023","09","2023",270,"Micropterus","salmoides","Largemouth bass",TRUE,"Post"
"193","F0317",11072,"HAMH","HH51",2023-10-03,"11:30:00 PM",5,1,NA,"N",120,28,2,"Piers 5-7-2023","Piers 5-7-Post","Piers 5-7","2023-10-03","Oct-2023","10","2023",276,"Micropterus","salmoides","Largemouth bass",TRUE,"Post"
"194","F0317",11046,"HAMH","HH54",2023-07-21,"1:19:00 AM",12,1,NA,"N",65,3,2,"Piers 5-7-2023","Piers 5-7-Post","Piers 5-7","2023-07-21","Jul-2023","07","2023",202,"Micropterus","salmoides","Largemouth bass",TRUE,"Post"
"195","F0317",10822,"HAMH","HH60",2021-10-19,"10:14:00 PM",9,1,NA,"N",104,17,2,"Macassa Bay-2021","Macassa Bay-Construction","Macassa Bay","2021-10-19","Oct-2021","10","2021",292,"Micropterus","salmoides","Largemouth bass",TRUE,"Construction"
"196","F0317",10778,"HAMH","HH55",2021-07-28,"10:13:00 PM",4,1,NA,"B",74,6,2,"Macassa Bay-2021","Macassa Bay-Construction","Macassa Bay","2021-07-28","Jul-2021","07","2021",209,"Micropterus","salmoides","Largemouth bass",TRUE,"Construction"
"197","F0317",10410,"HAMH","HH51",2019-10-16,"8:28:00 PM",7,1,NA,"N",92,12,2,"Piers 5-7-2019","Piers 5-7-Pre","Piers 5-7","2019-10-16","Oct-2019","10","2019",289,"Micropterus","salmoides","Largemouth bass",TRUE,"Pre"
"198","F0317",10634,"HAMH","HH51",2020-09-23,"9:43:00 PM",13,1,NA,"N",167,87,2,"Piers 5-7-2020","Piers 5-7-Pre","Piers 5-7","2020-09-23","Sep-2020","09","2020",267,"Micropterus","salmoides","Largemouth bass",TRUE,"Pre"
"199","F0317",10827,"HAMH","HH54",2022-08-02,"10:30:00 PM",3,1,NA,"N",362,800,2,"Piers 5-7-2022","Piers 5-7-Post","Piers 5-7","2022-08-02","Aug-2022","08","2022",214,"Micropterus","salmoides","Largemouth bass",TRUE,"Post"
"200","F0317",10377,"HAMH","HH55",2019-08-21,"11:20:00 PM",1,1,NA,"N",439,1840,2,"Macassa Bay-2019","Macassa Bay-Pre","Macassa Bay","2019-08-21","Aug-2019","08","2019",233,"Micropterus","salmoides","Largemouth bass",TRUE,"Pre"
"201","F0317",10634,"HAMH","HH51",2020-09-23,"9:43:00 PM",1,1,NA,"N",125,34,2,"Piers 5-7-2020","Piers 5-7-Pre","Piers 5-7","2020-09-23","Sep-2020","09","2020",267,"Micropterus","salmoides","Largemouth bass",TRUE,"Pre"
"202","F0317",10835,"HAMH","HH58",2022-08-04,"11:59:00 AM",2,1,NA,"N",70,7,2,"Macassa Bay-2022","Macassa Bay-Post","Macassa Bay","2022-08-04","Aug-2022","08","2022",216,"Micropterus","salmoides","Largemouth bass",TRUE,"Post"
"203","F0317",11078,"HAMH","HH59",2023-09-27,"8:28:00 PM",5,1,NA,"N",113,21,2,"Macassa Bay-2023","Macassa Bay-Post","Macassa Bay","2023-09-27","Sep-2023","09","2023",270,"Micropterus","salmoides","Largemouth bass",TRUE,"Post"
"204","F0317",11046,"HAMH","HH54",2023-07-21,"1:19:00 AM",6,1,NA,"N",148,55,2,"Piers 5-7-2023","Piers 5-7-Post","Piers 5-7","2023-07-21","Jul-2023","07","2023",202,"Micropterus","salmoides","Largemouth bass",TRUE,"Post"
"205","F0317",11074,"HAMH","HH52",2023-10-03,"12:10:00 AM",18,1,NA,"N",120,25,2,"Construction Site-2023","Construction Site-Post","Construction Site","2023-10-03","Oct-2023","10","2023",276,"Micropterus","salmoides","Largemouth bass",TRUE,"Post"
"206","F0317",11074,"HAMH","HH52",2023-10-03,"12:10:00 AM",19,1,NA,"N",68,5,2,"Construction Site-2023","Construction Site-Post","Construction Site","2023-10-03","Oct-2023","10","2023",276,"Micropterus","salmoides","Largemouth bass",TRUE,"Post"
"207","F0317",10822,"HAMH","HH60",2021-10-19,"10:14:00 PM",8,1,NA,"N",145,52,2,"Macassa Bay-2021","Macassa Bay-Construction","Macassa Bay","2021-10-19","Oct-2021","10","2021",292,"Micropterus","salmoides","Largemouth bass",TRUE,"Construction"
"208","F0317",11046,"HAMH","HH54",2023-07-21,"1:19:00 AM",10,1,NA,"N",76,5,2,"Piers 5-7-2023","Piers 5-7-Post","Piers 5-7","2023-07-21","Jul-2023","07","2023",202,"Micropterus","salmoides","Largemouth bass",TRUE,"Post"
"209","F0317",11048,"HAMH","HH53",2023-07-21,"1:05:00 AM",1,1,NA,"N",460,2210,2,"Piers 5-7-2023","Piers 5-7-Post","Piers 5-7","2023-07-21","Jul-2023","07","2023",202,"Micropterus","salmoides","Largemouth bass",TRUE,"Post"
"210","F0317",10822,"HAMH","HH60",2021-10-19,"10:14:00 PM",10,1,NA,"N",106,20,2,"Macassa Bay-2021","Macassa Bay-Construction","Macassa Bay","2021-10-19","Oct-2021","10","2021",292,"Micropterus","salmoides","Largemouth bass",TRUE,"Construction"
"211","F0317",10635,"HAMH","HH50",2020-09-23,"10:37:00 PM",7,1,NA,"N",106,18,2,"Piers 5-7-2020","Piers 5-7-Pre","Piers 5-7","2020-09-23","Sep-2020","09","2020",267,"Micropterus","salmoides","Largemouth bass",TRUE,"Pre"
"212","F0317",10297,"HAMH","HH51",2019-07-17,"10:36:00 PM",1,1,NA,"N",400,1380,2,"Piers 5-7-2019","Piers 5-7-Pre","Piers 5-7","2019-07-17","Jul-2019","07","2019",198,"Micropterus","salmoides","Largemouth bass",TRUE,"Pre"
"213","F0317",10228,"HAMH","HH60",2019-06-18,"10:10:00 PM",2,1,NA,"N",456,2390,2,"Macassa Bay-2019","Macassa Bay-Pre","Macassa Bay","2019-06-18","Jun-2019","06","2019",169,"Micropterus","salmoides","Largemouth bass",TRUE,"Pre"
"214","F0317",11074,"HAMH","HH52",2023-10-03,"12:10:00 AM",1,1,NA,"N",254,212,2,"Construction Site-2023","Construction Site-Post","Construction Site","2023-10-03","Oct-2023","10","2023",276,"Micropterus","salmoides","Largemouth bass",TRUE,"Post"
"215","F0317",11078,"HAMH","HH59",2023-09-27,"8:28:00 PM",6,1,NA,"N",117,24,2,"Macassa Bay-2023","Macassa Bay-Post","Macassa Bay","2023-09-27","Sep-2023","09","2023",270,"Micropterus","salmoides","Largemouth bass",TRUE,"Post"
"216","F0317",10696,"HAMH","HH60",2020-09-21,"9:30:00 PM",2,1,NA,"N",85,10,2,"Macassa Bay-2020","Macassa Bay-Pre","Macassa Bay","2020-09-21","Sep-2020","09","2020",265,"Micropterus","salmoides","Largemouth bass",TRUE,"Pre"
"217","F0317",10824,"HAMH","HH56",2021-10-19,"9:28:00 PM",1,1,NA,"N",82,6,2,"Macassa Bay-2021","Macassa Bay-Construction","Macassa Bay","2021-10-19","Oct-2021","10","2021",292,"Micropterus","salmoides","Largemouth bass",TRUE,"Construction"
"218","F0317",11078,"HAMH","HH59",2023-09-27,"8:28:00 PM",11,1,NA,"N",129,53,2,"Macassa Bay-2023","Macassa Bay-Post","Macassa Bay","2023-09-27","Sep-2023","09","2023",270,"Micropterus","salmoides","Largemouth bass",TRUE,"Post"
"219","F0317",11046,"HAMH","HH54",2023-07-21,"1:19:00 AM",7,1,NA,"N",70,4,2,"Piers 5-7-2023","Piers 5-7-Post","Piers 5-7","2023-07-21","Jul-2023","07","2023",202,"Micropterus","salmoides","Largemouth bass",TRUE,"Post"
"220","F0317",10410,"HAMH","HH51",2019-10-16,"8:28:00 PM",2,1,NA,"N",107,17,2,"Piers 5-7-2019","Piers 5-7-Pre","Piers 5-7","2019-10-16","Oct-2019","10","2019",289,"Micropterus","salmoides","Largemouth bass",TRUE,"Pre"
"221","F0317",10635,"HAMH","HH50",2020-09-23,"10:37:00 PM",3,1,NA,"N",136,55,2,"Piers 5-7-2020","Piers 5-7-Pre","Piers 5-7","2020-09-23","Sep-2020","09","2020",267,"Micropterus","salmoides","Largemouth bass",TRUE,"Pre"
"222","F0317",10816,"HAMH","HH50",2021-10-20,"9:36:00 PM",1,1,NA,"N",168,72,2,"Piers 5-7-2021","Piers 5-7-Construction","Piers 5-7","2021-10-20","Oct-2021","10","2021",293,"Micropterus","salmoides","Largemouth bass",TRUE,"Construction"
"223","F0317",10410,"HAMH","HH51",2019-10-16,"8:28:00 PM",8,1,NA,"N",104,16,2,"Piers 5-7-2019","Piers 5-7-Pre","Piers 5-7","2019-10-16","Oct-2019","10","2019",289,"Micropterus","salmoides","Largemouth bass",TRUE,"Pre"
"224","F0317",11046,"HAMH","HH54",2023-07-21,"1:19:00 AM",11,1,NA,"N",75,5,2,"Piers 5-7-2023","Piers 5-7-Post","Piers 5-7","2023-07-21","Jul-2023","07","2023",202,"Micropterus","salmoides","Largemouth bass",TRUE,"Post"
"225","F0317",10850,"HAMH","HH55",2022-10-25,"8:16:00 PM",4,1,NA,"N",137,37,2,"Macassa Bay-2022","Macassa Bay-Post","Macassa Bay","2022-10-25","Oct-2022","10","2022",298,"Micropterus","salmoides","Largemouth bass",TRUE,"Post"
"226","F0317",11071,"HAMH","HH50",2023-10-03,"11:02:00 PM",4,1,NA,"N",324,700,2,"Piers 5-7-2023","Piers 5-7-Post","Piers 5-7","2023-10-03","Oct-2023","10","2023",276,"Micropterus","salmoides","Largemouth bass",TRUE,"Post"
"227","F0317",10684,"HAMH","HH50",2020-10-21,"8:01:00 PM",1,1,NA,"N",474,2660,2,"Piers 5-7-2020","Piers 5-7-Pre","Piers 5-7","2020-10-21","Oct-2020","10","2020",295,"Micropterus","salmoides","Largemouth bass",TRUE,"Pre"
"228","F0317",11072,"HAMH","HH51",2023-10-03,"11:30:00 PM",7,1,NA,"N",145,46,2,"Piers 5-7-2023","Piers 5-7-Post","Piers 5-7","2023-10-03","Oct-2023","10","2023",276,"Micropterus","salmoides","Largemouth bass",TRUE,"Post"
"229","F0317",10822,"HAMH","HH60",2021-10-19,"10:14:00 PM",5,1,NA,"N",77,7,2,"Macassa Bay-2021","Macassa Bay-Construction","Macassa Bay","2021-10-19","Oct-2021","10","2021",292,"Micropterus","salmoides","Largemouth bass",TRUE,"Construction"
"230","F0317",9831,"HAMH","HH51",2018-10-11,"7:30:00 PM",1,1,NA,"B",85,9,2,"Piers 5-7-2018","Piers 5-7-Pre","Piers 5-7","2018-10-11","Oct-2018","10","2018",284,"Micropterus","salmoides","Largemouth bass",TRUE,"Pre"
"231","F0317",10409,"HAMH","HH50",2019-10-16,"8:40:00 PM",3,1,NA,"N",107,19,2,"Piers 5-7-2019","Piers 5-7-Pre","Piers 5-7","2019-10-16","Oct-2019","10","2019",289,"Micropterus","salmoides","Largemouth bass",TRUE,"Pre"
"232","F0317",10850,"HAMH","HH55",2022-10-25,"8:16:00 PM",8,1,NA,"N",175,88,2,"Macassa Bay-2022","Macassa Bay-Post","Macassa Bay","2022-10-25","Oct-2022","10","2022",298,"Micropterus","salmoides","Largemouth bass",TRUE,"Post"
"233","F0317",10699,"HAMH","HH53",2020-09-23,"11:38:00 PM",5,1,NA,"N",105,16,2,"Piers 5-7-2020","Piers 5-7-Pre","Piers 5-7","2020-09-23","Sep-2020","09","2020",267,"Micropterus","salmoides","Largemouth bass",TRUE,"Pre"
"234","F0317",10843,"HAMH","HH50",2022-10-24,"8:20:00 PM",1,1,NA,"N",135,31,2,"Piers 5-7-2022","Piers 5-7-Post","Piers 5-7","2022-10-24","Oct-2022","10","2022",297,"Micropterus","salmoides","Largemouth bass",TRUE,"Post"
"235","F0317",10635,"HAMH","HH50",2020-09-23,"10:37:00 PM",4,1,NA,"N",115,19,2,"Piers 5-7-2020","Piers 5-7-Pre","Piers 5-7","2020-09-23","Sep-2020","09","2020",267,"Micropterus","salmoides","Largemouth bass",TRUE,"Pre"
"236","F0317",10376,"HAMH","HH59",2019-08-21,"10:04:00 PM",1,1,NA,"N",466,2110,2,"Macassa Bay-2019","Macassa Bay-Pre","Macassa Bay","2019-08-21","Aug-2019","08","2019",233,"Micropterus","salmoides","Largemouth bass",TRUE,"Pre"
"237","F0317",9781,"HAMH","HH51",2018-08-09,"10:44:00 PM",6,1,NA,"N",152,56,2,"Piers 5-7-2018","Piers 5-7-Pre","Piers 5-7","2018-08-09","Aug-2018","08","2018",221,"Micropterus","salmoides","Largemouth bass",TRUE,"Pre"
"238","F0317",10825,"HAMH","HH56",2022-08-04,"11:28:00 PM",1,1,NA,"W",46,1.4,2,"Macassa Bay-2022","Macassa Bay-Post","Macassa Bay","2022-08-04","Aug-2022","08","2022",216,"Micropterus","salmoides","Largemouth bass",TRUE,"Post"
"239","F0317",10843,"HAMH","HH50",2022-10-24,"8:20:00 PM",4,1,NA,"N",108,19,2,"Piers 5-7-2022","Piers 5-7-Post","Piers 5-7","2022-10-24","Oct-2022","10","2022",297,"Micropterus","salmoides","Largemouth bass",TRUE,"Post"
"240","F0317",10418,"HAMH","HH59",2019-10-16,"9:33:00 PM",1,1,NA,"N",90,6,2,"Macassa Bay-2019","Macassa Bay-Pre","Macassa Bay","2019-10-16","Oct-2019","10","2019",289,"Micropterus","salmoides","Largemouth bass",TRUE,"Pre"
"241","F0317",11046,"HAMH","HH54",2023-07-21,"1:19:00 AM",1,1,NA,"N",150,54,2,"Piers 5-7-2023","Piers 5-7-Post","Piers 5-7","2023-07-21","Jul-2023","07","2023",202,"Micropterus","salmoides","Largemouth bass",TRUE,"Post"
"242","F0317",10821,"HAMH","HH59",2021-10-19,"9:52:00 PM",1,1,NA,"N",159,60,2,"Macassa Bay-2021","Macassa Bay-Construction","Macassa Bay","2021-10-19","Oct-2021","10","2021",292,"Micropterus","salmoides","Largemouth bass",TRUE,"Construction"
"243","F0317",10842,"HAMH","HH59",2022-10-25,"10:02:00 PM",3,1,NA,"N",198,131,2,"Macassa Bay-2022","Macassa Bay-Post","Macassa Bay","2022-10-25","Oct-2022","10","2022",298,"Micropterus","salmoides","Largemouth bass",TRUE,"Post"
"244","F0317",10558,"HAMH","HH60",2020-07-16,"12:32:00 AM",1,1,NA,"N",362,882,2,"Macassa Bay-2020","Macassa Bay-Pre","Macassa Bay","2020-07-16","Jul-2020","07","2020",198,"Micropterus","salmoides","Largemouth bass",TRUE,"Pre"
"245","F0317",10382,"HAMH","HH60",2019-08-21,"10:27:00 PM",3,1,NA,"N",446,1890,2,"Macassa Bay-2019","Macassa Bay-Pre","Macassa Bay","2019-08-21","Aug-2019","08","2019",233,"Micropterus","salmoides","Largemouth bass",TRUE,"Pre"
"246","F0317",10835,"HAMH","HH58",2022-08-04,"11:59:00 AM",3,1,NA,"N",71,5,2,"Macassa Bay-2022","Macassa Bay-Post","Macassa Bay","2022-08-04","Aug-2022","08","2022",216,"Micropterus","salmoides","Largemouth bass",TRUE,"Post"
"247","F0317",11085,"HAMH","HH60",2023-09-27,"9:30:00 PM",1,1,NA,"N",193,105,2,"Macassa Bay-2023","Macassa Bay-Post","Macassa Bay","2023-09-27","Sep-2023","09","2023",270,"Micropterus","salmoides","Largemouth bass",TRUE,"Post"
"248","F0317",9830,"HAMH","HH50",2018-10-11,"7:52:00 PM",7,1,NA,"N",166,76,2,"Piers 5-7-2018","Piers 5-7-Pre","Piers 5-7","2018-10-11","Oct-2018","10","2018",284,"Micropterus","salmoides","Largemouth bass",TRUE,"Pre"
"249","F0317",10850,"HAMH","HH55",2022-10-25,"8:16:00 PM",2,1,NA,"N",217,170,2,"Macassa Bay-2022","Macassa Bay-Post","Macassa Bay","2022-10-25","Oct-2022","10","2022",298,"Micropterus","salmoides","Largemouth bass",TRUE,"Post"
"250","F0317",10843,"HAMH","HH50",2022-10-24,"8:20:00 PM",3,1,NA,"N",213,140,2,"Piers 5-7-2022","Piers 5-7-Post","Piers 5-7","2022-10-24","Oct-2022","10","2022",297,"Micropterus","salmoides","Largemouth bass",TRUE,"Post"
"251","F0317",11072,"HAMH","HH51",2023-10-03,"11:30:00 PM",2,1,NA,"N",155,55,2,"Piers 5-7-2023","Piers 5-7-Post","Piers 5-7","2023-10-03","Oct-2023","10","2023",276,"Micropterus","salmoides","Largemouth bass",TRUE,"Post"
"252","F0317",11078,"HAMH","HH59",2023-09-27,"8:28:00 PM",1,1,NA,"N",148,62,2,"Macassa Bay-2023","Macassa Bay-Post","Macassa Bay","2023-09-27","Sep-2023","09","2023",270,"Micropterus","salmoides","Largemouth bass",TRUE,"Post"
"253","F0317",9781,"HAMH","HH51",2018-08-09,"10:44:00 PM",9,1,NA,"N",96,12,2,"Piers 5-7-2018","Piers 5-7-Pre","Piers 5-7","2018-08-09","Aug-2018","08","2018",221,"Micropterus","salmoides","Largemouth bass",TRUE,"Pre"
"254","F0317",9778,"HAMH","HH52",2018-08-09,"10:04:00 PM",1,1,NA,"N",406,1570,2,"Construction Site-2018","Construction Site-Pre","Construction Site","2018-08-09","Aug-2018","08","2018",221,"Micropterus","salmoides","Largemouth bass",TRUE,"Pre"
"255","F0317",10827,"HAMH","HH54",2022-08-02,"10:30:00 PM",4,1,NA,"N",445,1870,2,"Piers 5-7-2022","Piers 5-7-Post","Piers 5-7","2022-08-02","Aug-2022","08","2022",214,"Micropterus","salmoides","Largemouth bass",TRUE,"Post"
"256","F0317",10850,"HAMH","HH55",2022-10-25,"8:16:00 PM",7,1,NA,"N",109,22,2,"Macassa Bay-2022","Macassa Bay-Post","Macassa Bay","2022-10-25","Oct-2022","10","2022",298,"Micropterus","salmoides","Largemouth bass",TRUE,"Post"
"257","F0317",10868,"HAMH","HH51",2023-05-10,"11:57:00 PM",1,1,NA,"N",264,266,2,"Piers 5-7-2023","Piers 5-7-Post","Piers 5-7","2023-05-10","May-2023","05","2023",130,"Micropterus","salmoides","Largemouth bass",TRUE,"Post"
"258","F0317",11078,"HAMH","HH59",2023-09-27,"8:28:00 PM",4,1,NA,"N",124,29,2,"Macassa Bay-2023","Macassa Bay-Post","Macassa Bay","2023-09-27","Sep-2023","09","2023",270,"Micropterus","salmoides","Largemouth bass",TRUE,"Post"
"259","F0317",11078,"HAMH","HH59",2023-09-27,"8:28:00 PM",8,1,NA,"N",107,20,2,"Macassa Bay-2023","Macassa Bay-Post","Macassa Bay","2023-09-27","Sep-2023","09","2023",270,"Micropterus","salmoides","Largemouth bass",TRUE,"Post"
"260","F0317",10852,"HAMH","HH56",2022-10-25,"9:05:00 PM",1,1,NA,"N",133,36,2,"Macassa Bay-2022","Macassa Bay-Post","Macassa Bay","2022-10-25","Oct-2022","10","2022",298,"Micropterus","salmoides","Largemouth bass",TRUE,"Post"
"261","F0317",10852,"HAMH","HH56",2022-10-25,"9:05:00 PM",2,1,NA,"N",135,35,2,"Macassa Bay-2022","Macassa Bay-Post","Macassa Bay","2022-10-25","Oct-2022","10","2022",298,"Micropterus","salmoides","Largemouth bass",TRUE,"Post"
"262","F0317",10778,"HAMH","HH55",2021-07-28,"10:13:00 PM",1,1,NA,"B",42,1,2,"Macassa Bay-2021","Macassa Bay-Construction","Macassa Bay","2021-07-28","Jul-2021","07","2021",209,"Micropterus","salmoides","Largemouth bass",TRUE,"Construction"
"263","F0317",10635,"HAMH","HH50",2020-09-23,"10:37:00 PM",5,1,NA,"N",146,64,2,"Piers 5-7-2020","Piers 5-7-Pre","Piers 5-7","2020-09-23","Sep-2020","09","2020",267,"Micropterus","salmoides","Largemouth bass",TRUE,"Pre"
"264","F0317",10852,"HAMH","HH56",2022-10-25,"9:05:00 PM",6,1,NA,"N",87,8,2,"Macassa Bay-2022","Macassa Bay-Post","Macassa Bay","2022-10-25","Oct-2022","10","2022",298,"Micropterus","salmoides","Largemouth bass",TRUE,"Post"
"265","F0317",10850,"HAMH","HH55",2022-10-25,"8:16:00 PM",3,1,NA,"N",87,11,2,"Macassa Bay-2022","Macassa Bay-Post","Macassa Bay","2022-10-25","Oct-2022","10","2022",298,"Micropterus","salmoides","Largemouth bass",TRUE,"Post"
"266","F0317",11078,"HAMH","HH59",2023-09-27,"8:28:00 PM",17,1,NA,"N",120,28,2,"Macassa Bay-2023","Macassa Bay-Post","Macassa Bay","2023-09-27","Sep-2023","09","2023",270,"Micropterus","salmoides","Largemouth bass",TRUE,"Post"
"267","F0317",9435,"HAMH","HH55",2018-05-28,"10:19:00 PM",2,1,NA,"N",440,1625,2,"Macassa Bay-2018","Macassa Bay-Pre","Macassa Bay","2018-05-28","May-2018","05","2018",148,"Micropterus","salmoides","Largemouth bass",TRUE,"Pre"
"268","F0317",9781,"HAMH","HH51",2018-08-09,"10:44:00 PM",10,1,NA,"N",90,10,2,"Piers 5-7-2018","Piers 5-7-Pre","Piers 5-7","2018-08-09","Aug-2018","08","2018",221,"Micropterus","salmoides","Largemouth bass",TRUE,"Pre"
"269","F0317",9781,"HAMH","HH51",2018-08-09,"10:44:00 PM",11,1,NA,"N",75,7,2,"Piers 5-7-2018","Piers 5-7-Pre","Piers 5-7","2018-08-09","Aug-2018","08","2018",221,"Micropterus","salmoides","Largemouth bass",TRUE,"Pre"
"270","F0317",11085,"HAMH","HH60",2023-09-27,"9:30:00 PM",5,1,NA,"N",92,13,2,"Macassa Bay-2023","Macassa Bay-Post","Macassa Bay","2023-09-27","Sep-2023","09","2023",270,"Micropterus","salmoides","Largemouth bass",TRUE,"Post"
"271","F0317",10603,"HAMH","HH60",2020-10-21,"8:21:00 PM",3,1,NA,"N",93,9,2,"Macassa Bay-2020","Macassa Bay-Pre","Macassa Bay","2020-10-21","Oct-2020","10","2020",295,"Micropterus","salmoides","Largemouth bass",TRUE,"Pre"
"272","F0317",10847,"HAMH","HH54",2022-10-24,"10:43:00 PM",1,1,NA,"N",259,354,2,"Piers 5-7-2022","Piers 5-7-Post","Piers 5-7","2022-10-24","Oct-2022","10","2022",297,"Micropterus","salmoides","Largemouth bass",TRUE,"Post"
"273","F0317",10842,"HAMH","HH59",2022-10-25,"10:02:00 PM",2,1,NA,"N",240,234,2,"Macassa Bay-2022","Macassa Bay-Post","Macassa Bay","2022-10-25","Oct-2022","10","2022",298,"Micropterus","salmoides","Largemouth bass",TRUE,"Post"
"274","F0317",11078,"HAMH","HH59",2023-09-27,"8:28:00 PM",10,1,NA,"N",281,425,2,"Macassa Bay-2023","Macassa Bay-Post","Macassa Bay","2023-09-27","Sep-2023","09","2023",270,"Micropterus","salmoides","Largemouth bass",TRUE,"Post"
"275","F0317",11046,"HAMH","HH54",2023-07-21,"1:19:00 AM",9,1,NA,"N",98,15,2,"Piers 5-7-2023","Piers 5-7-Post","Piers 5-7","2023-07-21","Jul-2023","07","2023",202,"Micropterus","salmoides","Largemouth bass",TRUE,"Post"
"276","F0317",9830,"HAMH","HH50",2018-10-11,"7:52:00 PM",6,1,NA,"N",177,95,2,"Piers 5-7-2018","Piers 5-7-Pre","Piers 5-7","2018-10-11","Oct-2018","10","2018",284,"Micropterus","salmoides","Largemouth bass",TRUE,"Pre"
"277","F0317",10410,"HAMH","HH51",2019-10-16,"8:28:00 PM",1,1,NA,"N",135,38,2,"Piers 5-7-2019","Piers 5-7-Pre","Piers 5-7","2019-10-16","Oct-2019","10","2019",289,"Micropterus","salmoides","Largemouth bass",TRUE,"Pre"
"278","F0317",10376,"HAMH","HH59",2019-08-21,"10:04:00 PM",2,1,NA,"N",103,14,2,"Macassa Bay-2019","Macassa Bay-Pre","Macassa Bay","2019-08-21","Aug-2019","08","2019",233,"Micropterus","salmoides","Largemouth bass",TRUE,"Pre"
"279","F0317",10852,"HAMH","HH56",2022-10-25,"9:05:00 PM",7,1,NA,"N",265,342,2,"Macassa Bay-2022","Macassa Bay-Post","Macassa Bay","2022-10-25","Oct-2022","10","2022",298,"Micropterus","salmoides","Largemouth bass",TRUE,"Post"
"280","F0317",10228,"HAMH","HH60",2019-06-18,"10:10:00 PM",1,1,NA,"N",NA,1380,2,"Macassa Bay-2019","Macassa Bay-Pre","Macassa Bay","2019-06-18","Jun-2019","06","2019",169,"Micropterus","salmoides","Largemouth bass",TRUE,"Pre"
"281","F0317",10850,"HAMH","HH55",2022-10-25,"8:16:00 PM",6,1,NA,"N",112,22,2,"Macassa Bay-2022","Macassa Bay-Post","Macassa Bay","2022-10-25","Oct-2022","10","2022",298,"Micropterus","salmoides","Largemouth bass",TRUE,"Post"
"282","F0317",10603,"HAMH","HH60",2020-10-21,"8:21:00 PM",2,1,NA,"N",104,16,2,"Macassa Bay-2020","Macassa Bay-Pre","Macassa Bay","2020-10-21","Oct-2020","10","2020",295,"Micropterus","salmoides","Largemouth bass",TRUE,"Pre"
"283","F0317",10778,"HAMH","HH55",2021-07-28,"10:13:00 PM",6,1,NA,"B",204,149,2,"Macassa Bay-2021","Macassa Bay-Construction","Macassa Bay","2021-07-28","Jul-2021","07","2021",209,"Micropterus","salmoides","Largemouth bass",TRUE,"Construction"
"284","F0317",9461,"HAMH","HH56",2018-06-26,"11:40:00 PM",1,1,NA,"N",299,490,2,"Macassa Bay-2018","Macassa Bay-Pre","Macassa Bay","2018-06-26","Jun-2018","06","2018",177,"Micropterus","salmoides","Largemouth bass",TRUE,"Pre"
"285","F0317",10356,"HAMH","HH51",2019-08-20,"12:51:00 AM",1,1,NA,"N",116,24,2,"Piers 5-7-2019","Piers 5-7-Pre","Piers 5-7","2019-08-20","Aug-2019","08","2019",232,"Micropterus","salmoides","Largemouth bass",TRUE,"Pre"
"286","F0317",10418,"HAMH","HH59",2019-10-16,"9:33:00 PM",2,1,NA,"N",390,1300,2,"Macassa Bay-2019","Macassa Bay-Pre","Macassa Bay","2019-10-16","Oct-2019","10","2019",289,"Micropterus","salmoides","Largemouth bass",TRUE,"Pre"
"287","F0317",10699,"HAMH","HH53",2020-09-23,"11:38:00 PM",3,1,NA,"N",102,15,2,"Piers 5-7-2020","Piers 5-7-Pre","Piers 5-7","2020-09-23","Sep-2020","09","2020",267,"Micropterus","salmoides","Largemouth bass",TRUE,"Pre"
"288","F0317",11074,"HAMH","HH52",2023-10-03,"12:10:00 AM",15,1,NA,"N",223,201,2,"Construction Site-2023","Construction Site-Post","Construction Site","2023-10-03","Oct-2023","10","2023",276,"Micropterus","salmoides","Largemouth bass",TRUE,"Post"
"289","F0317",10852,"HAMH","HH56",2022-10-25,"9:05:00 PM",4,1,NA,"N",110,20,2,"Macassa Bay-2022","Macassa Bay-Post","Macassa Bay","2022-10-25","Oct-2022","10","2022",298,"Micropterus","salmoides","Largemouth bass",TRUE,"Post"
"290","F0317",9831,"HAMH","HH51",2018-10-11,"7:30:00 PM",5,1,NA,"W",150,53.6,2,"Piers 5-7-2018","Piers 5-7-Pre","Piers 5-7","2018-10-11","Oct-2018","10","2018",284,"Micropterus","salmoides","Largemouth bass",TRUE,"Pre"
"291","F0317",10699,"HAMH","HH53",2020-09-23,"11:38:00 PM",2,1,NA,"N",234,212,2,"Piers 5-7-2020","Piers 5-7-Pre","Piers 5-7","2020-09-23","Sep-2020","09","2020",267,"Micropterus","salmoides","Largemouth bass",TRUE,"Pre"
"292","F0317",10240,"HAMH","HH55",2019-06-12,"12:30:00 AM",3,1,NA,"N",402,1104,2,"Macassa Bay-2019","Macassa Bay-Pre","Macassa Bay","2019-06-12","Jun-2019","06","2019",163,"Micropterus","salmoides","Largemouth bass",TRUE,"Pre"
"293","F0317",11078,"HAMH","HH59",2023-09-27,"8:28:00 PM",2,1,NA,"N",89,7,2,"Macassa Bay-2023","Macassa Bay-Post","Macassa Bay","2023-09-27","Sep-2023","09","2023",270,"Micropterus","salmoides","Largemouth bass",TRUE,"Post"
"294","F0317",10635,"HAMH","HH50",2020-09-23,"10:37:00 PM",9,1,NA,"N",103,16,2,"Piers 5-7-2020","Piers 5-7-Pre","Piers 5-7","2020-09-23","Sep-2020","09","2020",267,"Micropterus","salmoides","Largemouth bass",TRUE,"Pre"
"295","F0317",11046,"HAMH","HH54",2023-07-21,"1:19:00 AM",2,1,NA,"N",65,6,2,"Piers 5-7-2023","Piers 5-7-Post","Piers 5-7","2023-07-21","Jul-2023","07","2023",202,"Micropterus","salmoides","Largemouth bass",TRUE,"Post"
"296","F0317",11085,"HAMH","HH60",2023-09-27,"9:30:00 PM",4,1,NA,"N",155,56,2,"Macassa Bay-2023","Macassa Bay-Post","Macassa Bay","2023-09-27","Sep-2023","09","2023",270,"Micropterus","salmoides","Largemouth bass",TRUE,"Post"
"297","F0317",9778,"HAMH","HH52",2018-08-09,"10:04:00 PM",2,1,NA,"N",89,12,2,"Construction Site-2018","Construction Site-Pre","Construction Site","2018-08-09","Aug-2018","08","2018",221,"Micropterus","salmoides","Largemouth bass",TRUE,"Pre"
"298","F0317",10842,"HAMH","HH59",2022-10-25,"10:02:00 PM",1,1,NA,"N",127,30,2,"Macassa Bay-2022","Macassa Bay-Post","Macassa Bay","2022-10-25","Oct-2022","10","2022",298,"Micropterus","salmoides","Largemouth bass",TRUE,"Post"
"299","F0317",11072,"HAMH","HH51",2023-10-03,"11:30:00 PM",4,1,NA,"N",185,112,2,"Piers 5-7-2023","Piers 5-7-Post","Piers 5-7","2023-10-03","Oct-2023","10","2023",276,"Micropterus","salmoides","Largemouth bass",TRUE,"Post"
"300","F0317",10733,"HAMH","HH59",2021-08-26,"1:04:00 AM",1,1,NA,"N",58,4,2,"Macassa Bay-2021","Macassa Bay-Construction","Macassa Bay","2021-08-26","Aug-2021","08","2021",238,"Micropterus","salmoides","Largemouth bass",TRUE,"Construction"
"301","F0317",10827,"HAMH","HH54",2022-08-02,"10:30:00 PM",1,1,NA,"N",176,88,2,"Piers 5-7-2022","Piers 5-7-Post","Piers 5-7","2022-08-02","Aug-2022","08","2022",214,"Micropterus","salmoides","Largemouth bass",TRUE,"Post"
"302","F0317",10850,"HAMH","HH55",2022-10-25,"8:16:00 PM",1,1,NA,"N",150,51,2,"Macassa Bay-2022","Macassa Bay-Post","Macassa Bay","2022-10-25","Oct-2022","10","2022",298,"Micropterus","salmoides","Largemouth bass",TRUE,"Post"
"303","F0317",10121,"HAMH","HH53",2019-05-21,"10:39:00 PM",2,1,NA,"N",160,54,2,"Piers 5-7-2019","Piers 5-7-Pre","Piers 5-7","2019-05-21","May-2019","05","2019",141,"Micropterus","salmoides","Largemouth bass",TRUE,"Pre"
"304","F0317",10835,"HAMH","HH58",2022-08-04,"11:59:00 AM",6,1,NA,"N",216,181,2,"Macassa Bay-2022","Macassa Bay-Post","Macassa Bay","2022-08-04","Aug-2022","08","2022",216,"Micropterus","salmoides","Largemouth bass",TRUE,"Post"
"305","F0317",10835,"HAMH","HH58",2022-08-04,"11:59:00 AM",9,1,NA,"N",77,6,2,"Macassa Bay-2022","Macassa Bay-Post","Macassa Bay","2022-08-04","Aug-2022","08","2022",216,"Micropterus","salmoides","Largemouth bass",TRUE,"Post"
"306","F0317",10573,"HAMH","HH55",2020-10-20,"10:21:00 PM",1,1,NA,"N",203,166,2,"Macassa Bay-2020","Macassa Bay-Pre","Macassa Bay","2020-10-20","Oct-2020","10","2020",294,"Micropterus","salmoides","Largemouth bass",TRUE,"Pre"
"307","F0317",10121,"HAMH","HH53",2019-05-21,"10:39:00 PM",7,1,NA,"N",165,58,2,"Piers 5-7-2019","Piers 5-7-Pre","Piers 5-7","2019-05-21","May-2019","05","2019",141,"Micropterus","salmoides","Largemouth bass",TRUE,"Pre"
"308","F0317",10827,"HAMH","HH54",2022-08-02,"10:30:00 PM",2,1,NA,"N",497,2530,2,"Piers 5-7-2022","Piers 5-7-Post","Piers 5-7","2022-08-02","Aug-2022","08","2022",214,"Micropterus","salmoides","Largemouth bass",TRUE,"Post"
"309","F0317",11078,"HAMH","HH59",2023-09-27,"8:28:00 PM",3,1,NA,"N",138,40,2,"Macassa Bay-2023","Macassa Bay-Post","Macassa Bay","2023-09-27","Sep-2023","09","2023",270,"Micropterus","salmoides","Largemouth bass",TRUE,"Post"
"310","F0317",11072,"HAMH","HH51",2023-10-03,"11:30:00 PM",3,1,NA,"N",132,37,2,"Piers 5-7-2023","Piers 5-7-Post","Piers 5-7","2023-10-03","Oct-2023","10","2023",276,"Micropterus","salmoides","Largemouth bass",TRUE,"Post"
"311","F0317",10634,"HAMH","HH51",2020-09-23,"9:43:00 PM",12,1,NA,"N",103,11,2,"Piers 5-7-2020","Piers 5-7-Pre","Piers 5-7","2020-09-23","Sep-2020","09","2020",267,"Micropterus","salmoides","Largemouth bass",TRUE,"Pre"
"312","F0317",10306,"HAMH","HH60",2019-07-17,"11:20:00 PM",1,1,NA,"N",372,910,2,"Macassa Bay-2019","Macassa Bay-Pre","Macassa Bay","2019-07-17","Jul-2019","07","2019",198,"Micropterus","salmoides","Largemouth bass",TRUE,"Pre"
"313","F0317",10699,"HAMH","HH53",2020-09-23,"11:38:00 PM",4,1,NA,"N",110,18,2,"Piers 5-7-2020","Piers 5-7-Pre","Piers 5-7","2020-09-23","Sep-2020","09","2020",267,"Micropterus","salmoides","Largemouth bass",TRUE,"Pre"
"314","F0317",10634,"HAMH","HH51",2020-09-23,"9:43:00 PM",10,1,NA,"N",140,46,2,"Piers 5-7-2020","Piers 5-7-Pre","Piers 5-7","2020-09-23","Sep-2020","09","2020",267,"Micropterus","salmoides","Largemouth bass",TRUE,"Pre"
"315","F0317",11078,"HAMH","HH59",2023-09-27,"8:28:00 PM",13,1,NA,"N",238,245,2,"Macassa Bay-2023","Macassa Bay-Post","Macassa Bay","2023-09-27","Sep-2023","09","2023",270,"Micropterus","salmoides","Largemouth bass",TRUE,"Post"
"316","F0317",10835,"HAMH","HH58",2022-08-04,"11:59:00 AM",4,1,NA,"N",66,5,2,"Macassa Bay-2022","Macassa Bay-Post","Macassa Bay","2022-08-04","Aug-2022","08","2022",216,"Micropterus","salmoides","Largemouth bass",TRUE,"Post"
"317","F0317",10240,"HAMH","HH55",2019-06-12,"12:30:00 AM",1,1,NA,"N",409,1161,2,"Macassa Bay-2019","Macassa Bay-Pre","Macassa Bay","2019-06-12","Jun-2019","06","2019",163,"Micropterus","salmoides","Largemouth bass",TRUE,"Pre"
"318","F0317",11072,"HAMH","HH51",2023-10-03,"11:30:00 PM",1,1,NA,"N",96,12,2,"Piers 5-7-2023","Piers 5-7-Post","Piers 5-7","2023-10-03","Oct-2023","10","2023",276,"Micropterus","salmoides","Largemouth bass",TRUE,"Post"
"319","F0317",10635,"HAMH","HH50",2020-09-23,"10:37:00 PM",6,1,NA,"N",116,20,2,"Piers 5-7-2020","Piers 5-7-Pre","Piers 5-7","2020-09-23","Sep-2020","09","2020",267,"Micropterus","salmoides","Largemouth bass",TRUE,"Pre"
"320","F0317",10823,"HAMH","HH55",2021-10-19,"9:04:00 PM",13,1,NA,"N",179,88,2,"Macassa Bay-2021","Macassa Bay-Construction","Macassa Bay","2021-10-19","Oct-2021","10","2021",292,"Micropterus","salmoides","Largemouth bass",TRUE,"Construction"
"321","F0317",10823,"HAMH","HH55",2021-10-19,"9:04:00 PM",14,1,NA,"N",163,67,2,"Macassa Bay-2021","Macassa Bay-Construction","Macassa Bay","2021-10-19","Oct-2021","10","2021",292,"Micropterus","salmoides","Largemouth bass",TRUE,"Construction"
"322","F0317",11085,"HAMH","HH60",2023-09-27,"9:30:00 PM",2,1,NA,"N",134,36,2,"Macassa Bay-2023","Macassa Bay-Post","Macassa Bay","2023-09-27","Sep-2023","09","2023",270,"Micropterus","salmoides","Largemouth bass",TRUE,"Post"
"323","F0317",10835,"HAMH","HH58",2022-08-04,"11:59:00 AM",8,1,NA,"N",229,214,2,"Macassa Bay-2022","Macassa Bay-Post","Macassa Bay","2022-08-04","Aug-2022","08","2022",216,"Micropterus","salmoides","Largemouth bass",TRUE,"Post"
"324","F0317",10411,"HAMH","HH52",2019-10-16,"7:53:00 PM",2,1,NA,"N",410,1440,2,"Construction Site-2019","Construction Site-Pre","Construction Site","2019-10-16","Oct-2019","10","2019",289,"Micropterus","salmoides","Largemouth bass",TRUE,"Pre"
"325","F0317",10634,"HAMH","HH51",2020-09-23,"9:43:00 PM",9,1,NA,"N",106,19,2,"Piers 5-7-2020","Piers 5-7-Pre","Piers 5-7","2020-09-23","Sep-2020","09","2020",267,"Micropterus","salmoides","Largemouth bass",TRUE,"Pre"
"326","F0317",10634,"HAMH","HH51",2020-09-23,"9:43:00 PM",11,1,NA,"N",93,11,2,"Piers 5-7-2020","Piers 5-7-Pre","Piers 5-7","2020-09-23","Sep-2020","09","2020",267,"Micropterus","salmoides","Largemouth bass",TRUE,"Pre"
"327","F0317",10842,"HAMH","HH59",2022-10-25,"10:02:00 PM",8,1,NA,"N",150,55,2,"Macassa Bay-2022","Macassa Bay-Post","Macassa Bay","2022-10-25","Oct-2022","10","2022",298,"Micropterus","salmoides","Largemouth bass",TRUE,"Post"
"328","F0317",9830,"HAMH","HH50",2018-10-11,"7:52:00 PM",8,1,NA,"N",152,54,2,"Piers 5-7-2018","Piers 5-7-Pre","Piers 5-7","2018-10-11","Oct-2018","10","2018",284,"Micropterus","salmoides","Largemouth bass",TRUE,"Pre"
"329","F0317",11078,"HAMH","HH59",2023-09-27,"8:28:00 PM",9,1,NA,"N",190,120,2,"Macassa Bay-2023","Macassa Bay-Post","Macassa Bay","2023-09-27","Sep-2023","09","2023",270,"Micropterus","salmoides","Largemouth bass",TRUE,"Post"
"330","F0317",10835,"HAMH","HH58",2022-08-04,"11:59:00 AM",5,1,NA,"N",205,171,2,"Macassa Bay-2022","Macassa Bay-Post","Macassa Bay","2022-08-04","Aug-2022","08","2022",216,"Micropterus","salmoides","Largemouth bass",TRUE,"Post"
"331","F0317",10778,"HAMH","HH55",2021-07-28,"10:13:00 PM",3,1,NA,"B",68,62,2,"Macassa Bay-2021","Macassa Bay-Construction","Macassa Bay","2021-07-28","Jul-2021","07","2021",209,"Micropterus","salmoides","Largemouth bass",TRUE,"Construction"
"332","F0317",10604,"HAMH","HH51",2020-10-21,"8:02:00 PM",1,1,NA,"N",127,21,2,"Piers 5-7-2020","Piers 5-7-Pre","Piers 5-7","2020-10-21","Oct-2020","10","2020",295,"Micropterus","salmoides","Largemouth bass",TRUE,"Pre"
"333","F0317",11078,"HAMH","HH59",2023-09-27,"8:28:00 PM",16,1,NA,"N",133,32,2,"Macassa Bay-2023","Macassa Bay-Post","Macassa Bay","2023-09-27","Sep-2023","09","2023",270,"Micropterus","salmoides","Largemouth bass",TRUE,"Post"
"334","F0317",10842,"HAMH","HH59",2022-10-25,"10:02:00 PM",7,1,NA,"N",152,50,2,"Macassa Bay-2022","Macassa Bay-Post","Macassa Bay","2022-10-25","Oct-2022","10","2022",298,"Micropterus","salmoides","Largemouth bass",TRUE,"Post"
"335","F0317",10835,"HAMH","HH58",2022-08-04,"11:59:00 AM",7,1,NA,"N",377,1080,2,"Macassa Bay-2022","Macassa Bay-Post","Macassa Bay","2022-08-04","Aug-2022","08","2022",216,"Micropterus","salmoides","Largemouth bass",TRUE,"Post"
"336","F0317",10734,"HAMH","HH53",2021-08-24,"11:59:00 PM",2,1,NA,"N",485,2586,2,"Piers 5-7-2021","Piers 5-7-Construction","Piers 5-7","2021-08-24","Aug-2021","08","2021",236,"Micropterus","salmoides","Largemouth bass",TRUE,"Construction"
"337","F0317",11072,"HAMH","HH51",2023-10-03,"11:30:00 PM",6,1,NA,"N",145,45,2,"Piers 5-7-2023","Piers 5-7-Post","Piers 5-7","2023-10-03","Oct-2023","10","2023",276,"Micropterus","salmoides","Largemouth bass",TRUE,"Post"
"338","F0317",10634,"HAMH","HH51",2020-09-23,"9:43:00 PM",6,1,NA,"N",115,23,2,"Piers 5-7-2020","Piers 5-7-Pre","Piers 5-7","2020-09-23","Sep-2020","09","2020",267,"Micropterus","salmoides","Largemouth bass",TRUE,"Pre"
"339","F0317",11085,"HAMH","HH60",2023-09-27,"9:30:00 PM",3,1,NA,"N",134,43,2,"Macassa Bay-2023","Macassa Bay-Post","Macassa Bay","2023-09-27","Sep-2023","09","2023",270,"Micropterus","salmoides","Largemouth bass",TRUE,"Post"
"340","F0317",10842,"HAMH","HH59",2022-10-25,"10:02:00 PM",6,1,NA,"N",133,34,2,"Macassa Bay-2022","Macassa Bay-Post","Macassa Bay","2022-10-25","Oct-2022","10","2022",298,"Micropterus","salmoides","Largemouth bass",TRUE,"Post"
"341","F0317",10852,"HAMH","HH56",2022-10-25,"9:05:00 PM",5,1,NA,"N",89,10,2,"Macassa Bay-2022","Macassa Bay-Post","Macassa Bay","2022-10-25","Oct-2022","10","2022",298,"Micropterus","salmoides","Largemouth bass",TRUE,"Post"
"342","F0317",10240,"HAMH","HH55",2019-06-12,"12:30:00 AM",2,1,NA,"N",393,1047,2,"Macassa Bay-2019","Macassa Bay-Pre","Macassa Bay","2019-06-12","Jun-2019","06","2019",163,"Micropterus","salmoides","Largemouth bass",TRUE,"Pre"
"343","F0317",10842,"HAMH","HH59",2022-10-25,"10:02:00 PM",4,1,NA,"N",223,195,2,"Macassa Bay-2022","Macassa Bay-Post","Macassa Bay","2022-10-25","Oct-2022","10","2022",298,"Micropterus","salmoides","Largemouth bass",TRUE,"Post"
"344","F0317",11078,"HAMH","HH59",2023-09-27,"8:28:00 PM",15,1,NA,"N",314,554,2,"Macassa Bay-2023","Macassa Bay-Post","Macassa Bay","2023-09-27","Sep-2023","09","2023",270,"Micropterus","salmoides","Largemouth bass",TRUE,"Post"
"345","F0317",10634,"HAMH","HH51",2020-09-23,"9:43:00 PM",7,1,NA,"N",103,16,2,"Piers 5-7-2020","Piers 5-7-Pre","Piers 5-7","2020-09-23","Sep-2020","09","2020",267,"Micropterus","salmoides","Largemouth bass",TRUE,"Pre"
"346","F0317",10409,"HAMH","HH50",2019-10-16,"8:40:00 PM",1,1,NA,"N",124,23,2,"Piers 5-7-2019","Piers 5-7-Pre","Piers 5-7","2019-10-16","Oct-2019","10","2019",289,"Micropterus","salmoides","Largemouth bass",TRUE,"Pre"
"347","F0317",10823,"HAMH","HH55",2021-10-19,"9:04:00 PM",12,1,NA,"N",180,100,2,"Macassa Bay-2021","Macassa Bay-Construction","Macassa Bay","2021-10-19","Oct-2021","10","2021",292,"Micropterus","salmoides","Largemouth bass",TRUE,"Construction"
"348","F0317",10121,"HAMH","HH53",2019-05-21,"10:39:00 PM",6,1,NA,"N",159,55,2,"Piers 5-7-2019","Piers 5-7-Pre","Piers 5-7","2019-05-21","May-2019","05","2019",141,"Micropterus","salmoides","Largemouth bass",TRUE,"Pre"
"349","F0317",10734,"HAMH","HH53",2021-08-24,"11:59:00 PM",1,1,NA,"N",111,76,2,"Piers 5-7-2021","Piers 5-7-Construction","Piers 5-7","2021-08-24","Aug-2021","08","2021",236,"Micropterus","salmoides","Largemouth bass",TRUE,"Construction"
"350","F0317",10826,"HAMH","HH57",2022-08-04,"11:38:00 PM",2,1,NA,"N",75,6,2,"Macassa Bay-2022","Macassa Bay-Post","Macassa Bay","2022-08-04","Aug-2022","08","2022",216,"Micropterus","salmoides","Largemouth bass",TRUE,"Post"
"351","F0317",10851,"HAMH","HH57",2022-10-25,"9:17:00 PM",5,1,NA,"N",111,21,2,"Macassa Bay-2022","Macassa Bay-Post","Macassa Bay","2022-10-25","Oct-2022","10","2022",298,"Micropterus","salmoides","Largemouth bass",TRUE,"Post"
"352","F0317",11074,"HAMH","HH52",2023-10-03,"12:10:00 AM",16,1,NA,"N",227,205,2,"Construction Site-2023","Construction Site-Post","Construction Site","2023-10-03","Oct-2023","10","2023",276,"Micropterus","salmoides","Largemouth bass",TRUE,"Post"
"353","F0317",10852,"HAMH","HH56",2022-10-25,"9:05:00 PM",3,1,NA,"N",90,11,2,"Macassa Bay-2022","Macassa Bay-Post","Macassa Bay","2022-10-25","Oct-2022","10","2022",298,"Micropterus","salmoides","Largemouth bass",TRUE,"Post"
"354","F0317",10699,"HAMH","HH53",2020-09-23,"11:38:00 PM",1,1,NA,"N",444,1960,2,"Piers 5-7-2020","Piers 5-7-Pre","Piers 5-7","2020-09-23","Sep-2020","09","2020",267,"Micropterus","salmoides","Largemouth bass",TRUE,"Pre"
"355","F0317",10823,"HAMH","HH55",2021-10-19,"9:04:00 PM",11,1,NA,"N",171,16,2,"Macassa Bay-2021","Macassa Bay-Construction","Macassa Bay","2021-10-19","Oct-2021","10","2021",292,"Micropterus","salmoides","Largemouth bass",TRUE,"Construction"
"356","F0317",10634,"HAMH","HH51",2020-09-23,"9:43:00 PM",8,1,NA,"N",113,21,2,"Piers 5-7-2020","Piers 5-7-Pre","Piers 5-7","2020-09-23","Sep-2020","09","2020",267,"Micropterus","salmoides","Largemouth bass",TRUE,"Pre"
"357","F0317",11078,"HAMH","HH59",2023-09-27,"8:28:00 PM",14,1,NA,"N",85,6,2,"Macassa Bay-2023","Macassa Bay-Post","Macassa Bay","2023-09-27","Sep-2023","09","2023",270,"Micropterus","salmoides","Largemouth bass",TRUE,"Post"
"358","F0317",10851,"HAMH","HH57",2022-10-25,"9:17:00 PM",1,1,NA,"N",297,436,2,"Macassa Bay-2022","Macassa Bay-Post","Macassa Bay","2022-10-25","Oct-2022","10","2022",298,"Micropterus","salmoides","Largemouth bass",TRUE,"Post"
"359","F0317",10121,"HAMH","HH53",2019-05-21,"10:39:00 PM",5,1,NA,"N",125,23,2,"Piers 5-7-2019","Piers 5-7-Pre","Piers 5-7","2019-05-21","May-2019","05","2019",141,"Micropterus","salmoides","Largemouth bass",TRUE,"Pre"
"360","F0317",10842,"HAMH","HH59",2022-10-25,"10:02:00 PM",5,1,NA,"N",161,65,2,"Macassa Bay-2022","Macassa Bay-Post","Macassa Bay","2022-10-25","Oct-2022","10","2022",298,"Micropterus","salmoides","Largemouth bass",TRUE,"Post"
"361","F0317",10851,"HAMH","HH57",2022-10-25,"9:17:00 PM",4,1,NA,"N",123,27,2,"Macassa Bay-2022","Macassa Bay-Post","Macassa Bay","2022-10-25","Oct-2022","10","2022",298,"Micropterus","salmoides","Largemouth bass",TRUE,"Post"
"362","F0317",11078,"HAMH","HH59",2023-09-27,"8:28:00 PM",7,1,NA,"N",98,13,2,"Macassa Bay-2023","Macassa Bay-Post","Macassa Bay","2023-09-27","Sep-2023","09","2023",270,"Micropterus","salmoides","Largemouth bass",TRUE,"Post"
"363","F0317",9831,"HAMH","HH51",2018-10-11,"7:30:00 PM",4,1,NA,"B",147,142,2,"Piers 5-7-2018","Piers 5-7-Pre","Piers 5-7","2018-10-11","Oct-2018","10","2018",284,"Micropterus","salmoides","Largemouth bass",TRUE,"Pre"
"364","F0317",11078,"HAMH","HH59",2023-09-27,"8:28:00 PM",12,1,NA,"N",300,503,2,"Macassa Bay-2023","Macassa Bay-Post","Macassa Bay","2023-09-27","Sep-2023","09","2023",270,"Micropterus","salmoides","Largemouth bass",TRUE,"Post"
"365","F0317",10634,"HAMH","HH51",2020-09-23,"9:43:00 PM",3,1,NA,"N",109,20,2,"Piers 5-7-2020","Piers 5-7-Pre","Piers 5-7","2020-09-23","Sep-2020","09","2020",267,"Micropterus","salmoides","Largemouth bass",TRUE,"Pre"
"366","F0317",10634,"HAMH","HH51",2020-09-23,"9:43:00 PM",5,1,NA,"N",124,32,2,"Piers 5-7-2020","Piers 5-7-Pre","Piers 5-7","2020-09-23","Sep-2020","09","2020",267,"Micropterus","salmoides","Largemouth bass",TRUE,"Pre"
"367","F0317",9830,"HAMH","HH50",2018-10-11,"7:52:00 PM",3,1,NA,"N",140,47,2,"Piers 5-7-2018","Piers 5-7-Pre","Piers 5-7","2018-10-11","Oct-2018","10","2018",284,"Micropterus","salmoides","Largemouth bass",TRUE,"Pre"
"368","F0317",10121,"HAMH","HH53",2019-05-21,"10:39:00 PM",4,1,NA,"N",125,26,2,"Piers 5-7-2019","Piers 5-7-Pre","Piers 5-7","2019-05-21","May-2019","05","2019",141,"Micropterus","salmoides","Largemouth bass",TRUE,"Pre"
"369","F0317",10826,"HAMH","HH57",2022-08-04,"11:38:00 PM",1,1,NA,"N",80,8,2,"Macassa Bay-2022","Macassa Bay-Post","Macassa Bay","2022-08-04","Aug-2022","08","2022",216,"Micropterus","salmoides","Largemouth bass",TRUE,"Post"
"370","F0317",10851,"HAMH","HH57",2022-10-25,"9:17:00 PM",3,1,NA,"N",87,10,2,"Macassa Bay-2022","Macassa Bay-Post","Macassa Bay","2022-10-25","Oct-2022","10","2022",298,"Micropterus","salmoides","Largemouth bass",TRUE,"Post"
"371","F0317",9830,"HAMH","HH50",2018-10-11,"7:52:00 PM",1,1,NA,"N",170,83,2,"Piers 5-7-2018","Piers 5-7-Pre","Piers 5-7","2018-10-11","Oct-2018","10","2018",284,"Micropterus","salmoides","Largemouth bass",TRUE,"Pre"
"372","F0317",10121,"HAMH","HH53",2019-05-21,"10:39:00 PM",1,1,NA,"N",160,48,2,"Piers 5-7-2019","Piers 5-7-Pre","Piers 5-7","2019-05-21","May-2019","05","2019",141,"Micropterus","salmoides","Largemouth bass",TRUE,"Pre"
"373","F0317",10823,"HAMH","HH55",2021-10-19,"9:04:00 PM",10,1,NA,"N",75,5,2,"Macassa Bay-2021","Macassa Bay-Construction","Macassa Bay","2021-10-19","Oct-2021","10","2021",292,"Micropterus","salmoides","Largemouth bass",TRUE,"Construction"
"374","F0317",10778,"HAMH","HH55",2021-07-28,"10:13:00 PM",2,1,NA,"W",58,2.9,2,"Macassa Bay-2021","Macassa Bay-Construction","Macassa Bay","2021-07-28","Jul-2021","07","2021",209,"Micropterus","salmoides","Largemouth bass",TRUE,"Construction"
"375","F0317",10634,"HAMH","HH51",2020-09-23,"9:43:00 PM",4,1,NA,"N",148,58,2,"Piers 5-7-2020","Piers 5-7-Pre","Piers 5-7","2020-09-23","Sep-2020","09","2020",267,"Micropterus","salmoides","Largemouth bass",TRUE,"Pre"
"376","F0317",9830,"HAMH","HH50",2018-10-11,"7:52:00 PM",2,1,NA,"N",150,54,2,"Piers 5-7-2018","Piers 5-7-Pre","Piers 5-7","2018-10-11","Oct-2018","10","2018",284,"Micropterus","salmoides","Largemouth bass",TRUE,"Pre"
"377","F0317",10121,"HAMH","HH53",2019-05-21,"10:39:00 PM",3,1,NA,"N",131,27,2,"Piers 5-7-2019","Piers 5-7-Pre","Piers 5-7","2019-05-21","May-2019","05","2019",141,"Micropterus","salmoides","Largemouth bass",TRUE,"Pre"
"378","F0317",9830,"HAMH","HH50",2018-10-11,"7:52:00 PM",4,1,NA,"N",195,123,2,"Piers 5-7-2018","Piers 5-7-Pre","Piers 5-7","2018-10-11","Oct-2018","10","2018",284,"Micropterus","salmoides","Largemouth bass",TRUE,"Pre"
"379","F0317",10851,"HAMH","HH57",2022-10-25,"9:17:00 PM",2,1,NA,"N",315,564,2,"Macassa Bay-2022","Macassa Bay-Post","Macassa Bay","2022-10-25","Oct-2022","10","2022",298,"Micropterus","salmoides","Largemouth bass",TRUE,"Post"
"380","F0317",11074,"HAMH","HH52",2023-10-03,"12:10:00 AM",17,1,NA,"N",117,39,2,"Construction Site-2023","Construction Site-Post","Construction Site","2023-10-03","Oct-2023","10","2023",276,"Micropterus","salmoides","Largemouth bass",TRUE,"Post"
"381","F0317",10821,"HAMH","HH59",2021-10-19,"9:52:00 PM",2,1,NA,"N",190,107,2,"Macassa Bay-2021","Macassa Bay-Construction","Macassa Bay","2021-10-19","Oct-2021","10","2021",292,"Micropterus","salmoides","Largemouth bass",TRUE,"Construction"
"382","F0317",9830,"HAMH","HH50",2018-10-11,"7:52:00 PM",5,1,NA,"N",160,66,2,"Piers 5-7-2018","Piers 5-7-Pre","Piers 5-7","2018-10-11","Oct-2018","10","2018",284,"Micropterus","salmoides","Largemouth bass",TRUE,"Pre"
"383","F0334",10836,"HAMH","HH51",2022-08-05,"12:20:00 AM",1,1,NA,"N",635,3480,2,"Piers 5-7-2022","Piers 5-7-Post","Piers 5-7","2022-08-05","Aug-2022","08","2022",217,"Stizostedion","vitreum vitreum","Walleye(yellow pickerel)",TRUE,"Post"
"384","F0334",10897,"HAMH","HH53",2022-08-02,"10:20:00 PM",1,1,NA,"N",407,990,2,"Piers 5-7-2022","Piers 5-7-Post","Piers 5-7","2022-08-02","Aug-2022","08","2022",214,"Stizostedion","vitreum vitreum","Walleye(yellow pickerel)",TRUE,"Post"
"385","F0334",11046,"HAMH","HH54",2023-07-21,"1:19:00 AM",1,1,NA,"N",581,2300,2,"Piers 5-7-2023","Piers 5-7-Post","Piers 5-7","2023-07-21","Jul-2023","07","2023",202,"Stizostedion","vitreum vitreum","Walleye(yellow pickerel)",TRUE,"Post"
"386","F0334",10815,"HAMH","HH51",2021-10-20,"9:43:00 PM",1,1,NA,"N",605,3090,2,"Piers 5-7-2021","Piers 5-7-Construction","Piers 5-7","2021-10-20","Oct-2021","10","2021",293,"Stizostedion","vitreum vitreum","Walleye(yellow pickerel)",TRUE,"Construction"
"387","F0334",11074,"HAMH","HH52",2023-10-03,"12:10:00 AM",1,1,NA,"N",554,2320,2,"Construction Site-2023","Construction Site-Post","Construction Site","2023-10-03","Oct-2023","10","2023",276,"Stizostedion","vitreum vitreum","Walleye(yellow pickerel)",TRUE,"Post"
"388","F0334",10219,"HAMH","HH54",2019-06-11,"10:25:00 PM",1,1,NA,"N",230,121,2,"Piers 5-7-2019","Piers 5-7-Pre","Piers 5-7","2019-06-11","Jun-2019","06","2019",162,"Stizostedion","vitreum vitreum","Walleye(yellow pickerel)",TRUE,"Pre"
"389","F0334",10826,"HAMH","HH57",2022-08-04,"11:38:00 PM",1,1,NA,"N",398,693,2,"Macassa Bay-2022","Macassa Bay-Post","Macassa Bay","2022-08-04","Aug-2022","08","2022",216,"Stizostedion","vitreum vitreum","Walleye(yellow pickerel)",TRUE,"Post"
"390","F0334",10816,"HAMH","HH50",2021-10-20,"9:36:00 PM",1,1,NA,"N",570,2820,2,"Piers 5-7-2021","Piers 5-7-Construction","Piers 5-7","2021-10-20","Oct-2021","10","2021",293,"Stizostedion","vitreum vitreum","Walleye(yellow pickerel)",TRUE,"Construction"
"391","F0334",11071,"HAMH","HH50",2023-10-03,"11:02:00 PM",1,1,NA,"N",498,2630,2,"Piers 5-7-2023","Piers 5-7-Post","Piers 5-7","2023-10-03","Oct-2023","10","2023",276,"Stizostedion","vitreum vitreum","Walleye(yellow pickerel)",TRUE,"Post"
"392","F0334",10683,"HAMH","HH55",2020-09-24,"9:17:00 PM",1,1,NA,"N",422,880,2,"Macassa Bay-2020","Macassa Bay-Pre","Macassa Bay","2020-09-24","Sep-2020","09","2020",268,"Stizostedion","vitreum vitreum","Walleye(yellow pickerel)",TRUE,"Pre"
"393","F0334",9439,"HAMH","HH60",2018-05-29,"12:41:00 AM",1,1,NA,"N",335,417,2,"Macassa Bay-2018","Macassa Bay-Pre","Macassa Bay","2018-05-29","May-2018","05","2018",149,"Stizostedion","vitreum vitreum","Walleye(yellow pickerel)",TRUE,"Pre"
"394","F0334",11073,"HAMH","HH54",2023-10-04,"12:57:00 AM",1,1,NA,"N",586,2840,2,"Piers 5-7-2023","Piers 5-7-Post","Piers 5-7","2023-10-04","Oct-2023","10","2023",277,"Stizostedion","vitreum vitreum","Walleye(yellow pickerel)",TRUE,"Post"
"395","F0334",10817,"HAMH","HH52",2021-10-20,"10:14:00 PM",1,1,NA,"N",505,1700,2,"Construction Site-2021","Construction Site-Construction","Construction Site","2021-10-20","Oct-2021","10","2021",293,"Stizostedion","vitreum vitreum","Walleye(yellow pickerel)",TRUE,"Construction"
"396","F0334",10696,"HAMH","HH60",2020-09-21,"9:30:00 PM",1,1,NA,"N",155,37,2,"Macassa Bay-2020","Macassa Bay-Pre","Macassa Bay","2020-09-21","Sep-2020","09","2020",265,"Stizostedion","vitreum vitreum","Walleye(yellow pickerel)",TRUE,"Pre"
"397","F0334",10701,"HAMH","HH56",2020-09-24,"10:26:00 PM",1,1,NA,"N",120,23,2,"Macassa Bay-2020","Macassa Bay-Pre","Macassa Bay","2020-09-24","Sep-2020","09","2020",268,"Stizostedion","vitreum vitreum","Walleye(yellow pickerel)",TRUE,"Pre"
"398","F0334",10635,"HAMH","HH50",2020-09-23,"10:37:00 PM",1,1,NA,"W",419,840.1,2,"Piers 5-7-2020","Piers 5-7-Pre","Piers 5-7","2020-09-23","Sep-2020","09","2020",267,"Stizostedion","vitreum vitreum","Walleye(yellow pickerel)",TRUE,"Pre"
