"","YMD","Year","Transect","Area","AreaTP","AreaYear","TimePeriod","Common_Name","CPUE"
"1","2018-05-28","2018","HH55","Macassa Bay","Macassa Bay-Pre","Macassa Bay-2018","Pre","Brown bullhead",1
"2","2018-05-28","2018","HH55","Macassa Bay","Macassa Bay-Pre","Macassa Bay-2018","Pre","Gizzard shad",6
"3","2018-05-28","2018","HH55","Macassa Bay","Macassa Bay-Pre","Macassa Bay-2018","Pre","Goldfish",1
"4","2018-05-28","2018","HH55","Macassa Bay","Macassa Bay-Pre","Macassa Bay-2018","Pre","Largemouth bass",2
"5","2018-05-28","2018","HH55","Macassa Bay","Macassa Bay-Pre","Macassa Bay-2018","Pre","White sucker",1
"6","2018-05-28","2018","HH56","Macassa Bay","Macassa Bay-Pre","Macassa Bay-2018","Pre","Gizzard shad",4
"7","2018-05-28","2018","HH56","Macassa Bay","Macassa Bay-Pre","Macassa Bay-2018","Pre","Spottail shiner",6
"8","2018-05-28","2018","HH56","Macassa Bay","Macassa Bay-Pre","Macassa Bay-2018","Pre","White perch",1
"9","2018-05-28","2018","HH57","Macassa Bay","Macassa Bay-Pre","Macassa Bay-2018","Pre","Gizzard shad",4
"10","2018-05-28","2018","HH57","Macassa Bay","Macassa Bay-Pre","Macassa Bay-2018","Pre","Rudd",1
"11","2018-05-28","2018","HH57","Macassa Bay","Macassa Bay-Pre","Macassa Bay-2018","Pre","Spottail shiner",15
"12","2018-05-28","2018","HH58","Macassa Bay","Macassa Bay-Pre","Macassa Bay-2018","Pre","Gizzard shad",6
"13","2018-05-28","2018","HH58","Macassa Bay","Macassa Bay-Pre","Macassa Bay-2018","Pre","Spottail shiner",3
"14","2018-05-29","2018","HH59","Macassa Bay","Macassa Bay-Pre","Macassa Bay-2018","Pre","Carp",1
"15","2018-05-29","2018","HH59","Macassa Bay","Macassa Bay-Pre","Macassa Bay-2018","Pre","Carp x Goldfish hybrid",1
"16","2018-05-29","2018","HH59","Macassa Bay","Macassa Bay-Pre","Macassa Bay-2018","Pre","Gizzard shad",22
"17","2018-05-29","2018","HH59","Macassa Bay","Macassa Bay-Pre","Macassa Bay-2018","Pre","Rock bass",3
"18","2018-05-29","2018","HH59","Macassa Bay","Macassa Bay-Pre","Macassa Bay-2018","Pre","Spottail shiner",1
"19","2018-05-29","2018","HH59","Macassa Bay","Macassa Bay-Pre","Macassa Bay-2018","Pre","White perch",2
"20","2018-05-29","2018","HH60","Macassa Bay","Macassa Bay-Pre","Macassa Bay-2018","Pre","Bluegill",2
"21","2018-05-29","2018","HH60","Macassa Bay","Macassa Bay-Pre","Macassa Bay-2018","Pre","Brown bullhead",2
"22","2018-05-29","2018","HH60","Macassa Bay","Macassa Bay-Pre","Macassa Bay-2018","Pre","Gizzard shad",13
"23","2018-05-29","2018","HH60","Macassa Bay","Macassa Bay-Pre","Macassa Bay-2018","Pre","Goldfish",1
"24","2018-05-29","2018","HH60","Macassa Bay","Macassa Bay-Pre","Macassa Bay-2018","Pre","Pumpkinseed",1
"25","2018-05-29","2018","HH60","Macassa Bay","Macassa Bay-Pre","Macassa Bay-2018","Pre","Rock bass",1
"26","2018-05-29","2018","HH60","Macassa Bay","Macassa Bay-Pre","Macassa Bay-2018","Pre","Rudd",1
"27","2018-05-29","2018","HH60","Macassa Bay","Macassa Bay-Pre","Macassa Bay-2018","Pre","Spottail shiner",10
"28","2018-05-29","2018","HH60","Macassa Bay","Macassa Bay-Pre","Macassa Bay-2018","Pre","Walleye(yellow pickerel)",1
"29","2018-05-29","2018","HH60","Macassa Bay","Macassa Bay-Pre","Macassa Bay-2018","Pre","White sucker",3
"30","2018-05-30","2018","HH50","Piers 5-7","Piers 5-7-Pre","Piers 5-7-2018","Pre","Bluegill",1
"31","2018-05-30","2018","HH50","Piers 5-7","Piers 5-7-Pre","Piers 5-7-2018","Pre","Gizzard shad",76
"32","2018-05-30","2018","HH51","Piers 5-7","Piers 5-7-Pre","Piers 5-7-2018","Pre","Bowfin",1
"33","2018-05-30","2018","HH51","Piers 5-7","Piers 5-7-Pre","Piers 5-7-2018","Pre","Brown bullhead",1
"34","2018-05-30","2018","HH51","Piers 5-7","Piers 5-7-Pre","Piers 5-7-2018","Pre","Gizzard shad",45
"35","2018-05-30","2018","HH51","Piers 5-7","Piers 5-7-Pre","Piers 5-7-2018","Pre","Goldfish",1
"36","2018-05-30","2018","HH52","Construction Site","Construction Site-Pre","Construction Site-2018","Pre","American eel",1
"37","2018-05-30","2018","HH52","Construction Site","Construction Site-Pre","Construction Site-2018","Pre","Gizzard shad",41
"38","2018-05-30","2018","HH53","Piers 5-7","Piers 5-7-Pre","Piers 5-7-2018","Pre","Bluegill",3
"39","2018-05-30","2018","HH53","Piers 5-7","Piers 5-7-Pre","Piers 5-7-2018","Pre","Brown bullhead",2
"40","2018-05-30","2018","HH53","Piers 5-7","Piers 5-7-Pre","Piers 5-7-2018","Pre","Gizzard shad",67
"41","2018-05-30","2018","HH53","Piers 5-7","Piers 5-7-Pre","Piers 5-7-2018","Pre","Rock bass",1
"42","2018-05-30","2018","HH53","Piers 5-7","Piers 5-7-Pre","Piers 5-7-2018","Pre","White perch",1
"43","2018-05-30","2018","HH54","Piers 5-7","Piers 5-7-Pre","Piers 5-7-2018","Pre","Gizzard shad",4
"44","2018-06-26","2018","HH50","Piers 5-7","Piers 5-7-Pre","Piers 5-7-2018","Pre","Gizzard shad",57
"45","2018-06-26","2018","HH50","Piers 5-7","Piers 5-7-Pre","Piers 5-7-2018","Pre","White perch",2
"46","2018-06-26","2018","HH51","Piers 5-7","Piers 5-7-Pre","Piers 5-7-2018","Pre","Gizzard shad",58
"47","2018-06-26","2018","HH51","Piers 5-7","Piers 5-7-Pre","Piers 5-7-2018","Pre","Logperch",1
"48","2018-06-26","2018","HH51","Piers 5-7","Piers 5-7-Pre","Piers 5-7-2018","Pre","White perch",4
"49","2018-06-26","2018","HH52","Construction Site","Construction Site-Pre","Construction Site-2018","Pre","Gizzard shad",9
"50","2018-06-26","2018","HH52","Construction Site","Construction Site-Pre","Construction Site-2018","Pre","Rock bass",1
"51","2018-06-26","2018","HH52","Construction Site","Construction Site-Pre","Construction Site-2018","Pre","White perch",2
"52","2018-06-26","2018","HH53","Piers 5-7","Piers 5-7-Pre","Piers 5-7-2018","Pre","Gizzard shad",20
"53","2018-06-26","2018","HH53","Piers 5-7","Piers 5-7-Pre","Piers 5-7-2018","Pre","White perch",3
"54","2018-06-26","2018","HH55","Macassa Bay","Macassa Bay-Pre","Macassa Bay-2018","Pre","Gizzard shad",5
"55","2018-06-26","2018","HH55","Macassa Bay","Macassa Bay-Pre","Macassa Bay-2018","Pre","Largemouth bass",1
"56","2018-06-26","2018","HH56","Macassa Bay","Macassa Bay-Pre","Macassa Bay-2018","Pre","Alewife",5
"57","2018-06-26","2018","HH56","Macassa Bay","Macassa Bay-Pre","Macassa Bay-2018","Pre","American eel",1
"58","2018-06-26","2018","HH56","Macassa Bay","Macassa Bay-Pre","Macassa Bay-2018","Pre","Brown bullhead",1
"59","2018-06-26","2018","HH56","Macassa Bay","Macassa Bay-Pre","Macassa Bay-2018","Pre","Carp",1
"60","2018-06-26","2018","HH56","Macassa Bay","Macassa Bay-Pre","Macassa Bay-2018","Pre","Gizzard shad",4
"61","2018-06-26","2018","HH56","Macassa Bay","Macassa Bay-Pre","Macassa Bay-2018","Pre","Largemouth bass",1
"62","2018-06-26","2018","HH56","Macassa Bay","Macassa Bay-Pre","Macassa Bay-2018","Pre","White perch",1
"63","2018-06-26","2018","HH56","Macassa Bay","Macassa Bay-Pre","Macassa Bay-2018","Pre","Yellow perch",2
"64","2018-06-26","2018","HH57","Macassa Bay","Macassa Bay-Pre","Macassa Bay-2018","Pre","Gizzard shad",6
"65","2018-06-26","2018","HH57","Macassa Bay","Macassa Bay-Pre","Macassa Bay-2018","Pre","Spottail shiner",2
"66","2018-06-27","2018","HH58","Macassa Bay","Macassa Bay-Pre","Macassa Bay-2018","Pre","Gizzard shad",3
"67","2018-06-27","2018","HH58","Macassa Bay","Macassa Bay-Pre","Macassa Bay-2018","Pre","Spottail shiner",2
"68","2018-06-27","2018","HH59","Macassa Bay","Macassa Bay-Pre","Macassa Bay-2018","Pre","Brown bullhead",3
"69","2018-06-27","2018","HH59","Macassa Bay","Macassa Bay-Pre","Macassa Bay-2018","Pre","Gizzard shad",10
"70","2018-06-27","2018","HH59","Macassa Bay","Macassa Bay-Pre","Macassa Bay-2018","Pre","Goldfish",1
"71","2018-06-27","2018","HH59","Macassa Bay","Macassa Bay-Pre","Macassa Bay-2018","Pre","Largemouth bass",2
"72","2018-06-27","2018","HH59","Macassa Bay","Macassa Bay-Pre","Macassa Bay-2018","Pre","Rudd",4
"73","2018-06-27","2018","HH59","Macassa Bay","Macassa Bay-Pre","Macassa Bay-2018","Pre","White sucker",2
"74","2018-06-27","2018","HH59","Macassa Bay","Macassa Bay-Pre","Macassa Bay-2018","Pre","Yellow perch",1
"75","2018-06-27","2018","HH60","Macassa Bay","Macassa Bay-Pre","Macassa Bay-2018","Pre","Carp",1
"76","2018-06-27","2018","HH60","Macassa Bay","Macassa Bay-Pre","Macassa Bay-2018","Pre","Gizzard shad",5
"77","2018-06-27","2018","HH60","Macassa Bay","Macassa Bay-Pre","Macassa Bay-2018","Pre","Largemouth bass",1
"78","2018-06-27","2018","HH60","Macassa Bay","Macassa Bay-Pre","Macassa Bay-2018","Pre","Yellow perch",1
"79","2018-08-09","2018","HH50","Piers 5-7","Piers 5-7-Pre","Piers 5-7-2018","Pre","Bluegill",1
"80","2018-08-09","2018","HH50","Piers 5-7","Piers 5-7-Pre","Piers 5-7-2018","Pre","Brook silverside",1
"81","2018-08-09","2018","HH50","Piers 5-7","Piers 5-7-Pre","Piers 5-7-2018","Pre","Brown bullhead",1
"82","2018-08-09","2018","HH50","Piers 5-7","Piers 5-7-Pre","Piers 5-7-2018","Pre","Largemouth bass",1
"83","2018-08-09","2018","HH50","Piers 5-7","Piers 5-7-Pre","Piers 5-7-2018","Pre","Logperch",1
"84","2018-08-09","2018","HH50","Piers 5-7","Piers 5-7-Pre","Piers 5-7-2018","Pre","Rock bass",2
"85","2018-08-09","2018","HH50","Piers 5-7","Piers 5-7-Pre","Piers 5-7-2018","Pre","Round Goby",1
"86","2018-08-09","2018","HH50","Piers 5-7","Piers 5-7-Pre","Piers 5-7-2018","Pre","White perch",2
"87","2018-08-09","2018","HH51","Piers 5-7","Piers 5-7-Pre","Piers 5-7-2018","Pre","Brook silverside",1
"88","2018-08-09","2018","HH51","Piers 5-7","Piers 5-7-Pre","Piers 5-7-2018","Pre","Gizzard shad",3
"89","2018-08-09","2018","HH51","Piers 5-7","Piers 5-7-Pre","Piers 5-7-2018","Pre","Largemouth bass",12
"90","2018-08-09","2018","HH51","Piers 5-7","Piers 5-7-Pre","Piers 5-7-2018","Pre","Logperch",1
"91","2018-08-09","2018","HH51","Piers 5-7","Piers 5-7-Pre","Piers 5-7-2018","Pre","Rock bass",2
"92","2018-08-09","2018","HH51","Piers 5-7","Piers 5-7-Pre","Piers 5-7-2018","Pre","Smallmouth bass",1
"93","2018-08-09","2018","HH52","Construction Site","Construction Site-Pre","Construction Site-2018","Pre","Carp",1
"94","2018-08-09","2018","HH52","Construction Site","Construction Site-Pre","Construction Site-2018","Pre","Largemouth bass",2
"95","2018-08-09","2018","HH53","Piers 5-7","Piers 5-7-Pre","Piers 5-7-2018","Pre","Gizzard shad",1
"96","2018-08-09","2018","HH58","Macassa Bay","Macassa Bay-Pre","Macassa Bay-2018","Pre","Gizzard shad",11
"97","2018-08-09","2018","HH59","Macassa Bay","Macassa Bay-Pre","Macassa Bay-2018","Pre","Goldfish",1
"98","2018-08-09","2018","HH59","Macassa Bay","Macassa Bay-Pre","Macassa Bay-2018","Pre","Spottail shiner",1
"99","2018-08-09","2018","HH59","Macassa Bay","Macassa Bay-Pre","Macassa Bay-2018","Pre","White perch",3
"100","2018-10-11","2018","HH50","Piers 5-7","Piers 5-7-Pre","Piers 5-7-2018","Pre","Bluegill",19
"101","2018-10-11","2018","HH50","Piers 5-7","Piers 5-7-Pre","Piers 5-7-2018","Pre","Brook silverside",2
"102","2018-10-11","2018","HH50","Piers 5-7","Piers 5-7-Pre","Piers 5-7-2018","Pre","Gizzard shad",1
"103","2018-10-11","2018","HH50","Piers 5-7","Piers 5-7-Pre","Piers 5-7-2018","Pre","Largemouth bass",8
"104","2018-10-11","2018","HH50","Piers 5-7","Piers 5-7-Pre","Piers 5-7-2018","Pre","Rock bass",5
"105","2018-10-11","2018","HH50","Piers 5-7","Piers 5-7-Pre","Piers 5-7-2018","Pre","Spottail shiner",1
"106","2018-10-11","2018","HH51","Piers 5-7","Piers 5-7-Pre","Piers 5-7-2018","Pre","Bluegill",7
"107","2018-10-11","2018","HH51","Piers 5-7","Piers 5-7-Pre","Piers 5-7-2018","Pre","Gizzard shad",3
"108","2018-10-11","2018","HH51","Piers 5-7","Piers 5-7-Pre","Piers 5-7-2018","Pre","Largemouth bass",5
"109","2018-10-11","2018","HH51","Piers 5-7","Piers 5-7-Pre","Piers 5-7-2018","Pre","Logperch",26
"110","2018-10-11","2018","HH51","Piers 5-7","Piers 5-7-Pre","Piers 5-7-2018","Pre","Pumpkinseed",2
"111","2018-10-11","2018","HH51","Piers 5-7","Piers 5-7-Pre","Piers 5-7-2018","Pre","Rock bass",2
"112","2018-10-11","2018","HH51","Piers 5-7","Piers 5-7-Pre","Piers 5-7-2018","Pre","Spottail shiner",3
"113","2018-10-11","2018","HH51","Piers 5-7","Piers 5-7-Pre","Piers 5-7-2018","Pre","White perch",1
"114","2018-10-11","2018","HH51","Piers 5-7","Piers 5-7-Pre","Piers 5-7-2018","Pre","Yellow perch",1
"115","2019-05-21","2019","HH50","Piers 5-7","Piers 5-7-Pre","Piers 5-7-2019","Pre","Bluegill",3
"116","2019-05-21","2019","HH50","Piers 5-7","Piers 5-7-Pre","Piers 5-7-2019","Pre","Carp",1
"117","2019-05-21","2019","HH50","Piers 5-7","Piers 5-7-Pre","Piers 5-7-2019","Pre","Emerald shiner",1
"118","2019-05-21","2019","HH50","Piers 5-7","Piers 5-7-Pre","Piers 5-7-2019","Pre","Gizzard shad",1
"119","2019-05-21","2019","HH50","Piers 5-7","Piers 5-7-Pre","Piers 5-7-2019","Pre","Largemouth bass",2
"120","2019-05-21","2019","HH50","Piers 5-7","Piers 5-7-Pre","Piers 5-7-2019","Pre","Logperch",1
"121","2019-05-21","2019","HH50","Piers 5-7","Piers 5-7-Pre","Piers 5-7-2019","Pre","Rock bass",3
"122","2019-05-21","2019","HH50","Piers 5-7","Piers 5-7-Pre","Piers 5-7-2019","Pre","White perch",1
"123","2019-05-21","2019","HH50","Piers 5-7","Piers 5-7-Pre","Piers 5-7-2019","Pre","Yellow perch",1
"124","2019-05-21","2019","HH51","Piers 5-7","Piers 5-7-Pre","Piers 5-7-2019","Pre","Bluegill",1
"125","2019-05-21","2019","HH51","Piers 5-7","Piers 5-7-Pre","Piers 5-7-2019","Pre","Gizzard shad",2
"126","2019-05-21","2019","HH51","Piers 5-7","Piers 5-7-Pre","Piers 5-7-2019","Pre","Rock bass",4
"127","2019-05-21","2019","HH51","Piers 5-7","Piers 5-7-Pre","Piers 5-7-2019","Pre","Spottail shiner",1
"128","2019-05-21","2019","HH51","Piers 5-7","Piers 5-7-Pre","Piers 5-7-2019","Pre","White perch",1
"129","2019-05-21","2019","HH51","Piers 5-7","Piers 5-7-Pre","Piers 5-7-2019","Pre","White sucker",1
"130","2019-05-21","2019","HH52","Construction Site","Construction Site-Pre","Construction Site-2019","Pre","Rock bass",1
"131","2019-05-21","2019","HH52","Construction Site","Construction Site-Pre","Construction Site-2019","Pre","Spottail shiner",1
"132","2019-05-21","2019","HH52","Construction Site","Construction Site-Pre","Construction Site-2019","Pre","White perch",1
"133","2019-05-21","2019","HH53","Piers 5-7","Piers 5-7-Pre","Piers 5-7-2019","Pre","American eel",2
"134","2019-05-21","2019","HH53","Piers 5-7","Piers 5-7-Pre","Piers 5-7-2019","Pre","Bluegill",3
"135","2019-05-21","2019","HH53","Piers 5-7","Piers 5-7-Pre","Piers 5-7-2019","Pre","Brown bullhead",1
"136","2019-05-21","2019","HH53","Piers 5-7","Piers 5-7-Pre","Piers 5-7-2019","Pre","Emerald shiner",2
"137","2019-05-21","2019","HH53","Piers 5-7","Piers 5-7-Pre","Piers 5-7-2019","Pre","Largemouth bass",7
"138","2019-05-21","2019","HH53","Piers 5-7","Piers 5-7-Pre","Piers 5-7-2019","Pre","Pumpkinseed",1
"139","2019-05-21","2019","HH53","Piers 5-7","Piers 5-7-Pre","Piers 5-7-2019","Pre","Rock bass",4
"140","2019-05-21","2019","HH53","Piers 5-7","Piers 5-7-Pre","Piers 5-7-2019","Pre","White perch",7
"141","2019-05-21","2019","HH53","Piers 5-7","Piers 5-7-Pre","Piers 5-7-2019","Pre","Yellow perch",1
"142","2019-05-21","2019","HH54","Piers 5-7","Piers 5-7-Pre","Piers 5-7-2019","Pre","Alewife",2
"143","2019-05-21","2019","HH54","Piers 5-7","Piers 5-7-Pre","Piers 5-7-2019","Pre","Bluegill",1
"144","2019-05-21","2019","HH54","Piers 5-7","Piers 5-7-Pre","Piers 5-7-2019","Pre","Emerald shiner",6
"145","2019-05-23","2019","HH55","Macassa Bay","Macassa Bay-Pre","Macassa Bay-2019","Pre","Alewife",8
"146","2019-05-23","2019","HH55","Macassa Bay","Macassa Bay-Pre","Macassa Bay-2019","Pre","Brook silverside",2
"147","2019-05-23","2019","HH55","Macassa Bay","Macassa Bay-Pre","Macassa Bay-2019","Pre","Emerald shiner",4
"148","2019-05-23","2019","HH55","Macassa Bay","Macassa Bay-Pre","Macassa Bay-2019","Pre","Gizzard shad",9
"149","2019-05-23","2019","HH55","Macassa Bay","Macassa Bay-Pre","Macassa Bay-2019","Pre","Goldfish",1
"150","2019-05-23","2019","HH55","Macassa Bay","Macassa Bay-Pre","Macassa Bay-2019","Pre","Largemouth bass",1
"151","2019-05-23","2019","HH55","Macassa Bay","Macassa Bay-Pre","Macassa Bay-2019","Pre","Rudd",1
"152","2019-05-23","2019","HH56","Macassa Bay","Macassa Bay-Pre","Macassa Bay-2019","Pre","Alewife",6
"153","2019-05-23","2019","HH56","Macassa Bay","Macassa Bay-Pre","Macassa Bay-2019","Pre","Gizzard shad",9
"154","2019-05-23","2019","HH57","Macassa Bay","Macassa Bay-Pre","Macassa Bay-2019","Pre","Alewife",9
"155","2019-05-23","2019","HH57","Macassa Bay","Macassa Bay-Pre","Macassa Bay-2019","Pre","Gizzard shad",2
"156","2019-05-23","2019","HH58","Macassa Bay","Macassa Bay-Pre","Macassa Bay-2019","Pre","Alewife",2
"157","2019-05-23","2019","HH58","Macassa Bay","Macassa Bay-Pre","Macassa Bay-2019","Pre","Emerald shiner",2
"158","2019-05-23","2019","HH58","Macassa Bay","Macassa Bay-Pre","Macassa Bay-2019","Pre","Gizzard shad",1
"159","2019-05-23","2019","HH59","Macassa Bay","Macassa Bay-Pre","Macassa Bay-2019","Pre","Alewife",2
"160","2019-05-23","2019","HH59","Macassa Bay","Macassa Bay-Pre","Macassa Bay-2019","Pre","Emerald shiner",5
"161","2019-05-23","2019","HH59","Macassa Bay","Macassa Bay-Pre","Macassa Bay-2019","Pre","Gizzard shad",3
"162","2019-05-23","2019","HH59","Macassa Bay","Macassa Bay-Pre","Macassa Bay-2019","Pre","White sucker",1
"163","2019-05-23","2019","HH60","Macassa Bay","Macassa Bay-Pre","Macassa Bay-2019","Pre","Alewife",6
"164","2019-05-23","2019","HH60","Macassa Bay","Macassa Bay-Pre","Macassa Bay-2019","Pre","Brook silverside",2
"165","2019-05-23","2019","HH60","Macassa Bay","Macassa Bay-Pre","Macassa Bay-2019","Pre","Gizzard shad",6
"166","2019-05-23","2019","HH60","Macassa Bay","Macassa Bay-Pre","Macassa Bay-2019","Pre","Rock bass",1
"167","2019-05-23","2019","HH60","Macassa Bay","Macassa Bay-Pre","Macassa Bay-2019","Pre","White sucker",4
"168","2019-06-11","2019","HH52","Construction Site","Construction Site-Pre","Construction Site-2019","Pre","Gizzard shad",8
"169","2019-06-11","2019","HH52","Construction Site","Construction Site-Pre","Construction Site-2019","Pre","Rock bass",1
"170","2019-06-11","2019","HH52","Construction Site","Construction Site-Pre","Construction Site-2019","Pre","Smallmouth bass",1
"171","2019-06-11","2019","HH52","Construction Site","Construction Site-Pre","Construction Site-2019","Pre","White perch",4
"172","2019-06-11","2019","HH52","Construction Site","Construction Site-Pre","Construction Site-2019","Pre","White sucker",1
"173","2019-06-11","2019","HH53","Piers 5-7","Piers 5-7-Pre","Piers 5-7-2019","Pre","Alewife",4
"174","2019-06-11","2019","HH53","Piers 5-7","Piers 5-7-Pre","Piers 5-7-2019","Pre","Carp",1
"175","2019-06-11","2019","HH53","Piers 5-7","Piers 5-7-Pre","Piers 5-7-2019","Pre","Gizzard shad",10
"176","2019-06-11","2019","HH53","Piers 5-7","Piers 5-7-Pre","Piers 5-7-2019","Pre","Largemouth bass",2
"177","2019-06-11","2019","HH53","Piers 5-7","Piers 5-7-Pre","Piers 5-7-2019","Pre","Northern pike",1
"178","2019-06-11","2019","HH53","Piers 5-7","Piers 5-7-Pre","Piers 5-7-2019","Pre","White perch",3
"179","2019-06-11","2019","HH54","Piers 5-7","Piers 5-7-Pre","Piers 5-7-2019","Pre","Alewife",5
"180","2019-06-11","2019","HH54","Piers 5-7","Piers 5-7-Pre","Piers 5-7-2019","Pre","Emerald shiner",1
"181","2019-06-11","2019","HH54","Piers 5-7","Piers 5-7-Pre","Piers 5-7-2019","Pre","Gizzard shad",3
"182","2019-06-11","2019","HH54","Piers 5-7","Piers 5-7-Pre","Piers 5-7-2019","Pre","Walleye(yellow pickerel)",1
"183","2019-06-12","2019","HH55","Macassa Bay","Macassa Bay-Pre","Macassa Bay-2019","Pre","Alewife",1
"184","2019-06-12","2019","HH55","Macassa Bay","Macassa Bay-Pre","Macassa Bay-2019","Pre","Bluegill",1
"185","2019-06-12","2019","HH55","Macassa Bay","Macassa Bay-Pre","Macassa Bay-2019","Pre","Brook silverside",1
"186","2019-06-12","2019","HH55","Macassa Bay","Macassa Bay-Pre","Macassa Bay-2019","Pre","Gizzard shad",10
"187","2019-06-12","2019","HH55","Macassa Bay","Macassa Bay-Pre","Macassa Bay-2019","Pre","Goldfish",2
"188","2019-06-12","2019","HH55","Macassa Bay","Macassa Bay-Pre","Macassa Bay-2019","Pre","Green sunfish",1
"189","2019-06-12","2019","HH55","Macassa Bay","Macassa Bay-Pre","Macassa Bay-2019","Pre","Largemouth bass",3
"190","2019-06-12","2019","HH55","Macassa Bay","Macassa Bay-Pre","Macassa Bay-2019","Pre","Pumpkinseed",2
"191","2019-06-12","2019","HH55","Macassa Bay","Macassa Bay-Pre","Macassa Bay-2019","Pre","Rock bass",1
"192","2019-06-12","2019","HH55","Macassa Bay","Macassa Bay-Pre","Macassa Bay-2019","Pre","White sucker",2
"193","2019-06-12","2019","HH56","Macassa Bay","Macassa Bay-Pre","Macassa Bay-2019","Pre","Alewife",1
"194","2019-06-12","2019","HH56","Macassa Bay","Macassa Bay-Pre","Macassa Bay-2019","Pre","Emerald shiner",2
"195","2019-06-12","2019","HH56","Macassa Bay","Macassa Bay-Pre","Macassa Bay-2019","Pre","Gizzard shad",3
"196","2019-06-17","2019","HH50","Piers 5-7","Piers 5-7-Pre","Piers 5-7-2019","Pre","Alewife",21
"197","2019-06-17","2019","HH50","Piers 5-7","Piers 5-7-Pre","Piers 5-7-2019","Pre","Bluegill",2
"198","2019-06-17","2019","HH50","Piers 5-7","Piers 5-7-Pre","Piers 5-7-2019","Pre","Gizzard shad",3
"199","2019-06-17","2019","HH50","Piers 5-7","Piers 5-7-Pre","Piers 5-7-2019","Pre","Largemouth bass",2
"200","2019-06-17","2019","HH50","Piers 5-7","Piers 5-7-Pre","Piers 5-7-2019","Pre","Rock bass",3
"201","2019-06-17","2019","HH50","Piers 5-7","Piers 5-7-Pre","Piers 5-7-2019","Pre","White sucker",2
"202","2019-06-17","2019","HH51","Piers 5-7","Piers 5-7-Pre","Piers 5-7-2019","Pre","Alewife",4
"203","2019-06-17","2019","HH51","Piers 5-7","Piers 5-7-Pre","Piers 5-7-2019","Pre","Bluegill",1
"204","2019-06-17","2019","HH51","Piers 5-7","Piers 5-7-Pre","Piers 5-7-2019","Pre","Brown bullhead",1
"205","2019-06-17","2019","HH51","Piers 5-7","Piers 5-7-Pre","Piers 5-7-2019","Pre","Gizzard shad",2
"206","2019-06-17","2019","HH51","Piers 5-7","Piers 5-7-Pre","Piers 5-7-2019","Pre","Rock bass",3
"207","2019-06-17","2019","HH51","Piers 5-7","Piers 5-7-Pre","Piers 5-7-2019","Pre","White sucker",1
"208","2019-06-18","2019","HH57","Macassa Bay","Macassa Bay-Pre","Macassa Bay-2019","Pre","Alewife",2
"209","2019-06-18","2019","HH59","Macassa Bay","Macassa Bay-Pre","Macassa Bay-2019","Pre","Alewife",1
"210","2019-06-18","2019","HH59","Macassa Bay","Macassa Bay-Pre","Macassa Bay-2019","Pre","Gizzard shad",4
"211","2019-06-18","2019","HH60","Macassa Bay","Macassa Bay-Pre","Macassa Bay-2019","Pre","Alewife",1
"212","2019-06-18","2019","HH60","Macassa Bay","Macassa Bay-Pre","Macassa Bay-2019","Pre","Brook silverside",1
"213","2019-06-18","2019","HH60","Macassa Bay","Macassa Bay-Pre","Macassa Bay-2019","Pre","Largemouth bass",2
"214","2019-06-18","2019","HH60","Macassa Bay","Macassa Bay-Pre","Macassa Bay-2019","Pre","Rock bass",1
"215","2019-06-18","2019","HH60","Macassa Bay","Macassa Bay-Pre","Macassa Bay-2019","Pre","White sucker",1
"216","2019-07-16","2019","HH54","Piers 5-7","Piers 5-7-Pre","Piers 5-7-2019","Pre","Gizzard shad",1
"217","2019-07-17","2019","HH50","Piers 5-7","Piers 5-7-Pre","Piers 5-7-2019","Pre","American eel",1
"218","2019-07-17","2019","HH50","Piers 5-7","Piers 5-7-Pre","Piers 5-7-2019","Pre","Gizzard shad",8
"219","2019-07-17","2019","HH51","Piers 5-7","Piers 5-7-Pre","Piers 5-7-2019","Pre","Gizzard shad",7
"220","2019-07-17","2019","HH51","Piers 5-7","Piers 5-7-Pre","Piers 5-7-2019","Pre","Largemouth bass",1
"221","2019-07-17","2019","HH51","Piers 5-7","Piers 5-7-Pre","Piers 5-7-2019","Pre","Rock bass",1
"222","2019-07-17","2019","HH52","Construction Site","Construction Site-Pre","Construction Site-2019","Pre","Gizzard shad",6
"223","2019-07-17","2019","HH53","Piers 5-7","Piers 5-7-Pre","Piers 5-7-2019","Pre","Gizzard shad",7
"224","2019-07-17","2019","HH55","Macassa Bay","Macassa Bay-Pre","Macassa Bay-2019","Pre","Rudd",1
"225","2019-07-17","2019","HH57","Macassa Bay","Macassa Bay-Pre","Macassa Bay-2019","Pre","Gizzard shad",1
"226","2019-07-17","2019","HH60","Macassa Bay","Macassa Bay-Pre","Macassa Bay-2019","Pre","Brown bullhead",2
"227","2019-07-17","2019","HH60","Macassa Bay","Macassa Bay-Pre","Macassa Bay-2019","Pre","Largemouth bass",1
"228","2019-08-20","2019","HH50","Piers 5-7","Piers 5-7-Pre","Piers 5-7-2019","Pre","Bluegill",1
"229","2019-08-20","2019","HH50","Piers 5-7","Piers 5-7-Pre","Piers 5-7-2019","Pre","Gizzard shad",1
"230","2019-08-20","2019","HH50","Piers 5-7","Piers 5-7-Pre","Piers 5-7-2019","Pre","Largemouth bass",1
"231","2019-08-20","2019","HH50","Piers 5-7","Piers 5-7-Pre","Piers 5-7-2019","Pre","Rock bass",1
"232","2019-08-20","2019","HH51","Piers 5-7","Piers 5-7-Pre","Piers 5-7-2019","Pre","Emerald shiner",1
"233","2019-08-20","2019","HH51","Piers 5-7","Piers 5-7-Pre","Piers 5-7-2019","Pre","Gizzard shad",1
"234","2019-08-20","2019","HH51","Piers 5-7","Piers 5-7-Pre","Piers 5-7-2019","Pre","Largemouth bass",1
"235","2019-08-20","2019","HH51","Piers 5-7","Piers 5-7-Pre","Piers 5-7-2019","Pre","White perch",1
"236","2019-08-20","2019","HH52","Construction Site","Construction Site-Pre","Construction Site-2019","Pre","Goldfish",1
"237","2019-08-20","2019","HH52","Construction Site","Construction Site-Pre","Construction Site-2019","Pre","Smallmouth bass",1
"238","2019-08-20","2019","HH52","Construction Site","Construction Site-Pre","Construction Site-2019","Pre","Yellow perch",1
"239","2019-08-20","2019","HH53","Piers 5-7","Piers 5-7-Pre","Piers 5-7-2019","Pre","Gizzard shad",1
"240","2019-08-20","2019","HH53","Piers 5-7","Piers 5-7-Pre","Piers 5-7-2019","Pre","Largemouth bass",2
"241","2019-08-20","2019","HH53","Piers 5-7","Piers 5-7-Pre","Piers 5-7-2019","Pre","Logperch",3
"242","2019-08-20","2019","HH54","Piers 5-7","Piers 5-7-Pre","Piers 5-7-2019","Pre","Brook silverside",2
"243","2019-08-21","2019","HH55","Macassa Bay","Macassa Bay-Pre","Macassa Bay-2019","Pre","Brook silverside",3
"244","2019-08-21","2019","HH55","Macassa Bay","Macassa Bay-Pre","Macassa Bay-2019","Pre","Brown bullhead",2
"245","2019-08-21","2019","HH55","Macassa Bay","Macassa Bay-Pre","Macassa Bay-2019","Pre","Goldfish",2
"246","2019-08-21","2019","HH55","Macassa Bay","Macassa Bay-Pre","Macassa Bay-2019","Pre","Largemouth bass",4
"247","2019-08-21","2019","HH56","Macassa Bay","Macassa Bay-Pre","Macassa Bay-2019","Pre","Brook silverside",1
"248","2019-08-21","2019","HH56","Macassa Bay","Macassa Bay-Pre","Macassa Bay-2019","Pre","Brown bullhead",1
"249","2019-08-21","2019","HH57","Macassa Bay","Macassa Bay-Pre","Macassa Bay-2019","Pre","Gizzard shad",2
"250","2019-08-21","2019","HH58","Macassa Bay","Macassa Bay-Pre","Macassa Bay-2019","Pre","Brook silverside",2
"251","2019-08-21","2019","HH58","Macassa Bay","Macassa Bay-Pre","Macassa Bay-2019","Pre","Brown bullhead",3
"252","2019-08-21","2019","HH58","Macassa Bay","Macassa Bay-Pre","Macassa Bay-2019","Pre","Carp",2
"253","2019-08-21","2019","HH58","Macassa Bay","Macassa Bay-Pre","Macassa Bay-2019","Pre","Gizzard shad",1
"254","2019-08-21","2019","HH58","Macassa Bay","Macassa Bay-Pre","Macassa Bay-2019","Pre","Goldfish",1
"255","2019-08-21","2019","HH58","Macassa Bay","Macassa Bay-Pre","Macassa Bay-2019","Pre","Spottail shiner",23
"256","2019-08-21","2019","HH58","Macassa Bay","Macassa Bay-Pre","Macassa Bay-2019","Pre","White perch",1
"257","2019-08-21","2019","HH58","Macassa Bay","Macassa Bay-Pre","Macassa Bay-2019","Pre","Yellow perch",1
"258","2019-08-21","2019","HH59","Macassa Bay","Macassa Bay-Pre","Macassa Bay-2019","Pre","Brown bullhead",2
"259","2019-08-21","2019","HH59","Macassa Bay","Macassa Bay-Pre","Macassa Bay-2019","Pre","Largemouth bass",2
"260","2019-08-21","2019","HH59","Macassa Bay","Macassa Bay-Pre","Macassa Bay-2019","Pre","Rudd",1
"261","2019-08-21","2019","HH60","Macassa Bay","Macassa Bay-Pre","Macassa Bay-2019","Pre","Bigmouth buffalo",1
"262","2019-08-21","2019","HH60","Macassa Bay","Macassa Bay-Pre","Macassa Bay-2019","Pre","Brook silverside",2
"263","2019-08-21","2019","HH60","Macassa Bay","Macassa Bay-Pre","Macassa Bay-2019","Pre","Brown bullhead",5
"264","2019-08-21","2019","HH60","Macassa Bay","Macassa Bay-Pre","Macassa Bay-2019","Pre","Goldfish",2
"265","2019-08-21","2019","HH60","Macassa Bay","Macassa Bay-Pre","Macassa Bay-2019","Pre","Largemouth bass",3
"266","2019-08-21","2019","HH60","Macassa Bay","Macassa Bay-Pre","Macassa Bay-2019","Pre","Spottail shiner",11
"267","2019-08-21","2019","HH60","Macassa Bay","Macassa Bay-Pre","Macassa Bay-2019","Pre","White perch",1
"268","2019-10-16","2019","HH50","Piers 5-7","Piers 5-7-Pre","Piers 5-7-2019","Pre","Bluegill",5
"269","2019-10-16","2019","HH50","Piers 5-7","Piers 5-7-Pre","Piers 5-7-2019","Pre","Brook silverside",8
"270","2019-10-16","2019","HH50","Piers 5-7","Piers 5-7-Pre","Piers 5-7-2019","Pre","Largemouth bass",7
"271","2019-10-16","2019","HH50","Piers 5-7","Piers 5-7-Pre","Piers 5-7-2019","Pre","Logperch",6
"272","2019-10-16","2019","HH50","Piers 5-7","Piers 5-7-Pre","Piers 5-7-2019","Pre","Pumpkinseed",12
"273","2019-10-16","2019","HH50","Piers 5-7","Piers 5-7-Pre","Piers 5-7-2019","Pre","Rock bass",6
"274","2019-10-16","2019","HH50","Piers 5-7","Piers 5-7-Pre","Piers 5-7-2019","Pre","Yellow perch",1
"275","2019-10-16","2019","HH51","Piers 5-7","Piers 5-7-Pre","Piers 5-7-2019","Pre","Bluegill",5
"276","2019-10-16","2019","HH51","Piers 5-7","Piers 5-7-Pre","Piers 5-7-2019","Pre","Brook silverside",4
"277","2019-10-16","2019","HH51","Piers 5-7","Piers 5-7-Pre","Piers 5-7-2019","Pre","Largemouth bass",12
"278","2019-10-16","2019","HH51","Piers 5-7","Piers 5-7-Pre","Piers 5-7-2019","Pre","Logperch",18
"279","2019-10-16","2019","HH51","Piers 5-7","Piers 5-7-Pre","Piers 5-7-2019","Pre","Pumpkinseed",2
"280","2019-10-16","2019","HH51","Piers 5-7","Piers 5-7-Pre","Piers 5-7-2019","Pre","Rock bass",5
"281","2019-10-16","2019","HH52","Construction Site","Construction Site-Pre","Construction Site-2019","Pre","Brook silverside",4
"282","2019-10-16","2019","HH52","Construction Site","Construction Site-Pre","Construction Site-2019","Pre","Largemouth bass",2
"283","2019-10-16","2019","HH52","Construction Site","Construction Site-Pre","Construction Site-2019","Pre","Logperch",14
"284","2019-10-16","2019","HH53","Piers 5-7","Piers 5-7-Pre","Piers 5-7-2019","Pre","Bluegill",5
"285","2019-10-16","2019","HH53","Piers 5-7","Piers 5-7-Pre","Piers 5-7-2019","Pre","Brook silverside",3
"286","2019-10-16","2019","HH53","Piers 5-7","Piers 5-7-Pre","Piers 5-7-2019","Pre","Emerald shiner",2
"287","2019-10-16","2019","HH53","Piers 5-7","Piers 5-7-Pre","Piers 5-7-2019","Pre","Logperch",5
"288","2019-10-16","2019","HH54","Piers 5-7","Piers 5-7-Pre","Piers 5-7-2019","Pre","Brook silverside",7
"289","2019-10-16","2019","HH54","Piers 5-7","Piers 5-7-Pre","Piers 5-7-2019","Pre","Emerald shiner",1
"290","2019-10-16","2019","HH55","Macassa Bay","Macassa Bay-Pre","Macassa Bay-2019","Pre","Bluegill",2
"291","2019-10-16","2019","HH55","Macassa Bay","Macassa Bay-Pre","Macassa Bay-2019","Pre","Brook silverside",3
"292","2019-10-16","2019","HH55","Macassa Bay","Macassa Bay-Pre","Macassa Bay-2019","Pre","Brown bullhead",9
"293","2019-10-16","2019","HH55","Macassa Bay","Macassa Bay-Pre","Macassa Bay-2019","Pre","Emerald shiner",1
"294","2019-10-16","2019","HH55","Macassa Bay","Macassa Bay-Pre","Macassa Bay-2019","Pre","Largemouth bass",1
"295","2019-10-16","2019","HH55","Macassa Bay","Macassa Bay-Pre","Macassa Bay-2019","Pre","Logperch",2
"296","2019-10-16","2019","HH55","Macassa Bay","Macassa Bay-Pre","Macassa Bay-2019","Pre","Rock bass",1
"297","2019-10-16","2019","HH55","Macassa Bay","Macassa Bay-Pre","Macassa Bay-2019","Pre","Yellow perch",6
"298","2019-10-16","2019","HH56","Macassa Bay","Macassa Bay-Pre","Macassa Bay-2019","Pre","Brook silverside",4
"299","2019-10-16","2019","HH56","Macassa Bay","Macassa Bay-Pre","Macassa Bay-2019","Pre","Brown bullhead",5
"300","2019-10-16","2019","HH56","Macassa Bay","Macassa Bay-Pre","Macassa Bay-2019","Pre","Emerald shiner",5
"301","2019-10-16","2019","HH56","Macassa Bay","Macassa Bay-Pre","Macassa Bay-2019","Pre","Gizzard shad",2
"302","2019-10-16","2019","HH56","Macassa Bay","Macassa Bay-Pre","Macassa Bay-2019","Pre","Logperch",1
"303","2019-10-16","2019","HH56","Macassa Bay","Macassa Bay-Pre","Macassa Bay-2019","Pre","Pumpkinseed",1
"304","2019-10-16","2019","HH57","Macassa Bay","Macassa Bay-Pre","Macassa Bay-2019","Pre","Bluegill",1
"305","2019-10-16","2019","HH57","Macassa Bay","Macassa Bay-Pre","Macassa Bay-2019","Pre","Brook silverside",1
"306","2019-10-16","2019","HH57","Macassa Bay","Macassa Bay-Pre","Macassa Bay-2019","Pre","Brown bullhead",2
"307","2019-10-16","2019","HH57","Macassa Bay","Macassa Bay-Pre","Macassa Bay-2019","Pre","Chinook salmon",1
"308","2019-10-16","2019","HH57","Macassa Bay","Macassa Bay-Pre","Macassa Bay-2019","Pre","Gizzard shad",1
"309","2019-10-16","2019","HH57","Macassa Bay","Macassa Bay-Pre","Macassa Bay-2019","Pre","Logperch",1
"310","2019-10-16","2019","HH57","Macassa Bay","Macassa Bay-Pre","Macassa Bay-2019","Pre","Pumpkinseed",1
"311","2019-10-16","2019","HH58","Macassa Bay","Macassa Bay-Pre","Macassa Bay-2019","Pre","Brook silverside",4
"312","2019-10-16","2019","HH58","Macassa Bay","Macassa Bay-Pre","Macassa Bay-2019","Pre","Brown bullhead",4
"313","2019-10-16","2019","HH59","Macassa Bay","Macassa Bay-Pre","Macassa Bay-2019","Pre","Bluegill",2
"314","2019-10-16","2019","HH59","Macassa Bay","Macassa Bay-Pre","Macassa Bay-2019","Pre","Brown bullhead",3
"315","2019-10-16","2019","HH59","Macassa Bay","Macassa Bay-Pre","Macassa Bay-2019","Pre","Gizzard shad",5
"316","2019-10-16","2019","HH59","Macassa Bay","Macassa Bay-Pre","Macassa Bay-2019","Pre","Largemouth bass",3
"317","2019-10-16","2019","HH59","Macassa Bay","Macassa Bay-Pre","Macassa Bay-2019","Pre","Logperch",15
"318","2019-10-16","2019","HH59","Macassa Bay","Macassa Bay-Pre","Macassa Bay-2019","Pre","Yellow perch",1
"319","2019-10-16","2019","HH60","Macassa Bay","Macassa Bay-Pre","Macassa Bay-2019","Pre","Bluegill",1
"320","2019-10-16","2019","HH60","Macassa Bay","Macassa Bay-Pre","Macassa Bay-2019","Pre","Brook silverside",1
"321","2019-10-16","2019","HH60","Macassa Bay","Macassa Bay-Pre","Macassa Bay-2019","Pre","Brown bullhead",10
"322","2019-10-16","2019","HH60","Macassa Bay","Macassa Bay-Pre","Macassa Bay-2019","Pre","Carp",1
"323","2019-10-16","2019","HH60","Macassa Bay","Macassa Bay-Pre","Macassa Bay-2019","Pre","Gizzard shad",1
"324","2019-10-16","2019","HH60","Macassa Bay","Macassa Bay-Pre","Macassa Bay-2019","Pre","Goldfish",1
"325","2019-10-16","2019","HH60","Macassa Bay","Macassa Bay-Pre","Macassa Bay-2019","Pre","Logperch",4
"326","2019-10-16","2019","HH60","Macassa Bay","Macassa Bay-Pre","Macassa Bay-2019","Pre","Pumpkinseed",2
"327","2019-10-16","2019","HH60","Macassa Bay","Macassa Bay-Pre","Macassa Bay-2019","Pre","Yellow perch",3
"328","2020-07-16","2020","HH50","Piers 5-7","Piers 5-7-Pre","Piers 5-7-2020","Pre","Gizzard shad",21
"329","2020-07-16","2020","HH51","Piers 5-7","Piers 5-7-Pre","Piers 5-7-2020","Pre","Alewife",1
"330","2020-07-16","2020","HH51","Piers 5-7","Piers 5-7-Pre","Piers 5-7-2020","Pre","Gizzard shad",7
"331","2020-07-16","2020","HH52","Construction Site","Construction Site-Pre","Construction Site-2020","Pre","Gizzard shad",11
"332","2020-07-16","2020","HH53","Piers 5-7","Piers 5-7-Pre","Piers 5-7-2020","Pre","Gizzard shad",2
"333","2020-07-16","2020","HH54","Piers 5-7","Piers 5-7-Pre","Piers 5-7-2020","Pre","Gizzard shad",21
"334","2020-07-16","2020","HH55","Macassa Bay","Macassa Bay-Pre","Macassa Bay-2020","Pre","Brown bullhead",1
"335","2020-07-16","2020","HH55","Macassa Bay","Macassa Bay-Pre","Macassa Bay-2020","Pre","Gizzard shad",21
"336","2020-07-16","2020","HH55","Macassa Bay","Macassa Bay-Pre","Macassa Bay-2020","Pre","Goldfish",1
"337","2020-07-16","2020","HH56","Macassa Bay","Macassa Bay-Pre","Macassa Bay-2020","Pre","Gizzard shad",3
"338","2020-07-16","2020","HH57","Macassa Bay","Macassa Bay-Pre","Macassa Bay-2020","Pre","Gizzard shad",3
"339","2020-07-16","2020","HH58","Macassa Bay","Macassa Bay-Pre","Macassa Bay-2020","Pre","Brown bullhead",1
"340","2020-07-16","2020","HH58","Macassa Bay","Macassa Bay-Pre","Macassa Bay-2020","Pre","Gizzard shad",4
"341","2020-07-16","2020","HH59","Macassa Bay","Macassa Bay-Pre","Macassa Bay-2020","Pre","Brown bullhead",2
"342","2020-07-16","2020","HH59","Macassa Bay","Macassa Bay-Pre","Macassa Bay-2020","Pre","Emerald shiner",2
"343","2020-07-16","2020","HH59","Macassa Bay","Macassa Bay-Pre","Macassa Bay-2020","Pre","Gizzard shad",5
"344","2020-07-16","2020","HH60","Macassa Bay","Macassa Bay-Pre","Macassa Bay-2020","Pre","Brown bullhead",1
"345","2020-07-16","2020","HH60","Macassa Bay","Macassa Bay-Pre","Macassa Bay-2020","Pre","Carp",1
"346","2020-07-16","2020","HH60","Macassa Bay","Macassa Bay-Pre","Macassa Bay-2020","Pre","Gizzard shad",5
"347","2020-07-16","2020","HH60","Macassa Bay","Macassa Bay-Pre","Macassa Bay-2020","Pre","Goldfish",1
"348","2020-07-16","2020","HH60","Macassa Bay","Macassa Bay-Pre","Macassa Bay-2020","Pre","Largemouth bass",1
"349","2020-07-16","2020","HH60","Macassa Bay","Macassa Bay-Pre","Macassa Bay-2020","Pre","Pumpkinseed",1
"350","2020-07-16","2020","HH60","Macassa Bay","Macassa Bay-Pre","Macassa Bay-2020","Pre","Spottail shiner",3
"351","2020-09-21","2020","HH60","Macassa Bay","Macassa Bay-Pre","Macassa Bay-2020","Pre","Bluegill",8
"352","2020-09-21","2020","HH60","Macassa Bay","Macassa Bay-Pre","Macassa Bay-2020","Pre","Brook silverside",4
"353","2020-09-21","2020","HH60","Macassa Bay","Macassa Bay-Pre","Macassa Bay-2020","Pre","Brown bullhead",11
"354","2020-09-21","2020","HH60","Macassa Bay","Macassa Bay-Pre","Macassa Bay-2020","Pre","Largemouth bass",7
"355","2020-09-21","2020","HH60","Macassa Bay","Macassa Bay-Pre","Macassa Bay-2020","Pre","Logperch",7
"356","2020-09-21","2020","HH60","Macassa Bay","Macassa Bay-Pre","Macassa Bay-2020","Pre","Rudd",3
"357","2020-09-21","2020","HH60","Macassa Bay","Macassa Bay-Pre","Macassa Bay-2020","Pre","Spottail shiner",1
"358","2020-09-21","2020","HH60","Macassa Bay","Macassa Bay-Pre","Macassa Bay-2020","Pre","Walleye(yellow pickerel)",1
"359","2020-09-21","2020","HH60","Macassa Bay","Macassa Bay-Pre","Macassa Bay-2020","Pre","Yellow perch",3
"360","2020-09-23","2020","HH50","Piers 5-7","Piers 5-7-Pre","Piers 5-7-2020","Pre","Bluegill",3
"361","2020-09-23","2020","HH50","Piers 5-7","Piers 5-7-Pre","Piers 5-7-2020","Pre","Brown bullhead",2
"362","2020-09-23","2020","HH50","Piers 5-7","Piers 5-7-Pre","Piers 5-7-2020","Pre","Gizzard shad",1
"363","2020-09-23","2020","HH50","Piers 5-7","Piers 5-7-Pre","Piers 5-7-2020","Pre","Largemouth bass",9
"364","2020-09-23","2020","HH50","Piers 5-7","Piers 5-7-Pre","Piers 5-7-2020","Pre","Logperch",8
"365","2020-09-23","2020","HH50","Piers 5-7","Piers 5-7-Pre","Piers 5-7-2020","Pre","Pumpkinseed",4
"366","2020-09-23","2020","HH50","Piers 5-7","Piers 5-7-Pre","Piers 5-7-2020","Pre","Rock bass",12
"367","2020-09-23","2020","HH50","Piers 5-7","Piers 5-7-Pre","Piers 5-7-2020","Pre","Round Goby",1
"368","2020-09-23","2020","HH50","Piers 5-7","Piers 5-7-Pre","Piers 5-7-2020","Pre","Walleye(yellow pickerel)",1
"369","2020-09-23","2020","HH50","Piers 5-7","Piers 5-7-Pre","Piers 5-7-2020","Pre","White perch",1
"370","2020-09-23","2020","HH50","Piers 5-7","Piers 5-7-Pre","Piers 5-7-2020","Pre","Yellow perch",1
"371","2020-09-23","2020","HH51","Piers 5-7","Piers 5-7-Pre","Piers 5-7-2020","Pre","Bluegill",8
"372","2020-09-23","2020","HH51","Piers 5-7","Piers 5-7-Pre","Piers 5-7-2020","Pre","Gizzard shad",1
"373","2020-09-23","2020","HH51","Piers 5-7","Piers 5-7-Pre","Piers 5-7-2020","Pre","Largemouth bass",13
"374","2020-09-23","2020","HH51","Piers 5-7","Piers 5-7-Pre","Piers 5-7-2020","Pre","Logperch",27
"375","2020-09-23","2020","HH51","Piers 5-7","Piers 5-7-Pre","Piers 5-7-2020","Pre","Rock bass",7
"376","2020-09-23","2020","HH51","Piers 5-7","Piers 5-7-Pre","Piers 5-7-2020","Pre","Rudd",1
"377","2020-09-23","2020","HH51","Piers 5-7","Piers 5-7-Pre","Piers 5-7-2020","Pre","Spottail shiner",1
"378","2020-09-23","2020","HH51","Piers 5-7","Piers 5-7-Pre","Piers 5-7-2020","Pre","Yellow perch",6
"379","2020-09-23","2020","HH52","Construction Site","Construction Site-Pre","Construction Site-2020","Pre","Gizzard shad",13
"380","2020-09-23","2020","HH52","Construction Site","Construction Site-Pre","Construction Site-2020","Pre","Largemouth bass",2
"381","2020-09-23","2020","HH52","Construction Site","Construction Site-Pre","Construction Site-2020","Pre","Logperch",9
"382","2020-09-23","2020","HH52","Construction Site","Construction Site-Pre","Construction Site-2020","Pre","Northern pike",1
"383","2020-09-23","2020","HH52","Construction Site","Construction Site-Pre","Construction Site-2020","Pre","Rock bass",1
"384","2020-09-23","2020","HH52","Construction Site","Construction Site-Pre","Construction Site-2020","Pre","Shorthead redhorse",1
"385","2020-09-23","2020","HH52","Construction Site","Construction Site-Pre","Construction Site-2020","Pre","White perch",1
"386","2020-09-23","2020","HH52","Construction Site","Construction Site-Pre","Construction Site-2020","Pre","Yellow perch",2
"387","2020-09-23","2020","HH53","Piers 5-7","Piers 5-7-Pre","Piers 5-7-2020","Pre","Bluegill",1
"388","2020-09-23","2020","HH53","Piers 5-7","Piers 5-7-Pre","Piers 5-7-2020","Pre","Largemouth bass",8
"389","2020-09-23","2020","HH53","Piers 5-7","Piers 5-7-Pre","Piers 5-7-2020","Pre","Logperch",33
"390","2020-09-23","2020","HH53","Piers 5-7","Piers 5-7-Pre","Piers 5-7-2020","Pre","Rock bass",2
"391","2020-09-23","2020","HH53","Piers 5-7","Piers 5-7-Pre","Piers 5-7-2020","Pre","White perch",3
"392","2020-09-23","2020","HH54","Piers 5-7","Piers 5-7-Pre","Piers 5-7-2020","Pre","Brook silverside",1
"393","2020-09-23","2020","HH54","Piers 5-7","Piers 5-7-Pre","Piers 5-7-2020","Pre","Gizzard shad",14
"394","2020-09-23","2020","HH54","Piers 5-7","Piers 5-7-Pre","Piers 5-7-2020","Pre","White perch",1
"395","2020-09-24","2020","HH55","Macassa Bay","Macassa Bay-Pre","Macassa Bay-2020","Pre","Bluegill",2
"396","2020-09-24","2020","HH55","Macassa Bay","Macassa Bay-Pre","Macassa Bay-2020","Pre","Brook silverside",5
"397","2020-09-24","2020","HH55","Macassa Bay","Macassa Bay-Pre","Macassa Bay-2020","Pre","Brown bullhead",20
"398","2020-09-24","2020","HH55","Macassa Bay","Macassa Bay-Pre","Macassa Bay-2020","Pre","Gizzard shad",58
"399","2020-09-24","2020","HH55","Macassa Bay","Macassa Bay-Pre","Macassa Bay-2020","Pre","Goldfish",3
"400","2020-09-24","2020","HH55","Macassa Bay","Macassa Bay-Pre","Macassa Bay-2020","Pre","Largemouth bass",1
"401","2020-09-24","2020","HH55","Macassa Bay","Macassa Bay-Pre","Macassa Bay-2020","Pre","Rock bass",2
"402","2020-09-24","2020","HH55","Macassa Bay","Macassa Bay-Pre","Macassa Bay-2020","Pre","Walleye(yellow pickerel)",1
"403","2020-09-24","2020","HH55","Macassa Bay","Macassa Bay-Pre","Macassa Bay-2020","Pre","White perch",1
"404","2020-09-24","2020","HH55","Macassa Bay","Macassa Bay-Pre","Macassa Bay-2020","Pre","Yellow perch",2
"405","2020-09-24","2020","HH56","Macassa Bay","Macassa Bay-Pre","Macassa Bay-2020","Pre","Brook silverside",1
"406","2020-09-24","2020","HH56","Macassa Bay","Macassa Bay-Pre","Macassa Bay-2020","Pre","Brown bullhead",2
"407","2020-09-24","2020","HH56","Macassa Bay","Macassa Bay-Pre","Macassa Bay-2020","Pre","Gizzard shad",20
"408","2020-09-24","2020","HH56","Macassa Bay","Macassa Bay-Pre","Macassa Bay-2020","Pre","Largemouth bass",1
"409","2020-09-24","2020","HH56","Macassa Bay","Macassa Bay-Pre","Macassa Bay-2020","Pre","Logperch",4
"410","2020-09-24","2020","HH56","Macassa Bay","Macassa Bay-Pre","Macassa Bay-2020","Pre","Walleye(yellow pickerel)",1
"411","2020-09-24","2020","HH56","Macassa Bay","Macassa Bay-Pre","Macassa Bay-2020","Pre","Yellow perch",1
"412","2020-09-24","2020","HH57","Macassa Bay","Macassa Bay-Pre","Macassa Bay-2020","Pre","Bluegill",1
"413","2020-09-24","2020","HH57","Macassa Bay","Macassa Bay-Pre","Macassa Bay-2020","Pre","Gizzard shad",77
"414","2020-09-24","2020","HH58","Macassa Bay","Macassa Bay-Pre","Macassa Bay-2020","Pre","Brook silverside",1
"415","2020-09-24","2020","HH58","Macassa Bay","Macassa Bay-Pre","Macassa Bay-2020","Pre","Brown bullhead",8
"416","2020-09-24","2020","HH58","Macassa Bay","Macassa Bay-Pre","Macassa Bay-2020","Pre","Carp",1
"417","2020-09-24","2020","HH58","Macassa Bay","Macassa Bay-Pre","Macassa Bay-2020","Pre","Gizzard shad",73
"418","2020-09-24","2020","HH58","Macassa Bay","Macassa Bay-Pre","Macassa Bay-2020","Pre","Goldfish",2
"419","2020-09-24","2020","HH58","Macassa Bay","Macassa Bay-Pre","Macassa Bay-2020","Pre","Rudd",1
"420","2020-09-24","2020","HH58","Macassa Bay","Macassa Bay-Pre","Macassa Bay-2020","Pre","Yellow perch",1
"421","2020-09-24","2020","HH59","Macassa Bay","Macassa Bay-Pre","Macassa Bay-2020","Pre","Alewife",1
"422","2020-09-24","2020","HH59","Macassa Bay","Macassa Bay-Pre","Macassa Bay-2020","Pre","Bluegill",2
"423","2020-09-24","2020","HH59","Macassa Bay","Macassa Bay-Pre","Macassa Bay-2020","Pre","Brown bullhead",1
"424","2020-09-24","2020","HH59","Macassa Bay","Macassa Bay-Pre","Macassa Bay-2020","Pre","Emerald shiner",2
"425","2020-09-24","2020","HH59","Macassa Bay","Macassa Bay-Pre","Macassa Bay-2020","Pre","Gizzard shad",11
"426","2020-09-24","2020","HH59","Macassa Bay","Macassa Bay-Pre","Macassa Bay-2020","Pre","Goldfish",1
"427","2020-09-24","2020","HH59","Macassa Bay","Macassa Bay-Pre","Macassa Bay-2020","Pre","Largemouth bass",4
"428","2020-09-24","2020","HH59","Macassa Bay","Macassa Bay-Pre","Macassa Bay-2020","Pre","Logperch",2
"429","2020-09-24","2020","HH59","Macassa Bay","Macassa Bay-Pre","Macassa Bay-2020","Pre","Pumpkinseed",2
"430","2020-09-24","2020","HH59","Macassa Bay","Macassa Bay-Pre","Macassa Bay-2020","Pre","Rock bass",1
"431","2020-09-24","2020","HH59","Macassa Bay","Macassa Bay-Pre","Macassa Bay-2020","Pre","White perch",1
"432","2020-09-24","2020","HH59","Macassa Bay","Macassa Bay-Pre","Macassa Bay-2020","Pre","Yellow perch",2
"433","2020-10-20","2020","HH55","Macassa Bay","Macassa Bay-Pre","Macassa Bay-2020","Pre","Bluegill",2
"434","2020-10-20","2020","HH55","Macassa Bay","Macassa Bay-Pre","Macassa Bay-2020","Pre","Brook silverside",10
"435","2020-10-20","2020","HH55","Macassa Bay","Macassa Bay-Pre","Macassa Bay-2020","Pre","Brown bullhead",1
"436","2020-10-20","2020","HH55","Macassa Bay","Macassa Bay-Pre","Macassa Bay-2020","Pre","Gizzard shad",1
"437","2020-10-20","2020","HH55","Macassa Bay","Macassa Bay-Pre","Macassa Bay-2020","Pre","Goldfish",1
"438","2020-10-20","2020","HH55","Macassa Bay","Macassa Bay-Pre","Macassa Bay-2020","Pre","Largemouth bass",1
"439","2020-10-20","2020","HH55","Macassa Bay","Macassa Bay-Pre","Macassa Bay-2020","Pre","Pumpkinseed",1
"440","2020-10-20","2020","HH55","Macassa Bay","Macassa Bay-Pre","Macassa Bay-2020","Pre","Spottail shiner",1
"441","2020-10-20","2020","HH55","Macassa Bay","Macassa Bay-Pre","Macassa Bay-2020","Pre","White perch",1
"442","2020-10-20","2020","HH56","Macassa Bay","Macassa Bay-Pre","Macassa Bay-2020","Pre","Brook silverside",3
"443","2020-10-20","2020","HH56","Macassa Bay","Macassa Bay-Pre","Macassa Bay-2020","Pre","Brown bullhead",1
"444","2020-10-20","2020","HH56","Macassa Bay","Macassa Bay-Pre","Macassa Bay-2020","Pre","Emerald shiner",2
"445","2020-10-20","2020","HH56","Macassa Bay","Macassa Bay-Pre","Macassa Bay-2020","Pre","Largemouth bass",1
"446","2020-10-20","2020","HH57","Macassa Bay","Macassa Bay-Pre","Macassa Bay-2020","Pre","Bigmouth buffalo",1
"447","2020-10-20","2020","HH57","Macassa Bay","Macassa Bay-Pre","Macassa Bay-2020","Pre","Brook silverside",1
"448","2020-10-20","2020","HH57","Macassa Bay","Macassa Bay-Pre","Macassa Bay-2020","Pre","Emerald shiner",1
"449","2020-10-20","2020","HH57","Macassa Bay","Macassa Bay-Pre","Macassa Bay-2020","Pre","Gizzard shad",2
"450","2020-10-20","2020","HH58","Macassa Bay","Macassa Bay-Pre","Macassa Bay-2020","Pre","Brook silverside",1
"451","2020-10-20","2020","HH58","Macassa Bay","Macassa Bay-Pre","Macassa Bay-2020","Pre","Brown bullhead",1
"452","2020-10-20","2020","HH58","Macassa Bay","Macassa Bay-Pre","Macassa Bay-2020","Pre","Gizzard shad",1
"453","2020-10-20","2020","HH59","Macassa Bay","Macassa Bay-Pre","Macassa Bay-2020","Pre","Bluegill",1
"454","2020-10-20","2020","HH59","Macassa Bay","Macassa Bay-Pre","Macassa Bay-2020","Pre","Brook silverside",5
"455","2020-10-20","2020","HH59","Macassa Bay","Macassa Bay-Pre","Macassa Bay-2020","Pre","Brown bullhead",10
"456","2020-10-20","2020","HH59","Macassa Bay","Macassa Bay-Pre","Macassa Bay-2020","Pre","Gizzard shad",2
"457","2020-10-20","2020","HH59","Macassa Bay","Macassa Bay-Pre","Macassa Bay-2020","Pre","Goldfish",1
"458","2020-10-20","2020","HH59","Macassa Bay","Macassa Bay-Pre","Macassa Bay-2020","Pre","Pumpkinseed",1
"459","2020-10-20","2020","HH59","Macassa Bay","Macassa Bay-Pre","Macassa Bay-2020","Pre","Yellow perch",1
"460","2020-10-21","2020","HH50","Piers 5-7","Piers 5-7-Pre","Piers 5-7-2020","Pre","Bluegill",2
"461","2020-10-21","2020","HH50","Piers 5-7","Piers 5-7-Pre","Piers 5-7-2020","Pre","Largemouth bass",1
"462","2020-10-21","2020","HH50","Piers 5-7","Piers 5-7-Pre","Piers 5-7-2020","Pre","Logperch",13
"463","2020-10-21","2020","HH50","Piers 5-7","Piers 5-7-Pre","Piers 5-7-2020","Pre","Pumpkinseed",1
"464","2020-10-21","2020","HH50","Piers 5-7","Piers 5-7-Pre","Piers 5-7-2020","Pre","Rock bass",4
"465","2020-10-21","2020","HH51","Piers 5-7","Piers 5-7-Pre","Piers 5-7-2020","Pre","Bluegill",5
"466","2020-10-21","2020","HH51","Piers 5-7","Piers 5-7-Pre","Piers 5-7-2020","Pre","Brook silverside",2
"467","2020-10-21","2020","HH51","Piers 5-7","Piers 5-7-Pre","Piers 5-7-2020","Pre","Largemouth bass",1
"468","2020-10-21","2020","HH51","Piers 5-7","Piers 5-7-Pre","Piers 5-7-2020","Pre","Logperch",12
"469","2020-10-21","2020","HH51","Piers 5-7","Piers 5-7-Pre","Piers 5-7-2020","Pre","Pumpkinseed",2
"470","2020-10-21","2020","HH51","Piers 5-7","Piers 5-7-Pre","Piers 5-7-2020","Pre","Rock bass",9
"471","2020-10-21","2020","HH52","Construction Site","Construction Site-Pre","Construction Site-2020","Pre","Brook silverside",2
"472","2020-10-21","2020","HH52","Construction Site","Construction Site-Pre","Construction Site-2020","Pre","Gizzard shad",2
"473","2020-10-21","2020","HH52","Construction Site","Construction Site-Pre","Construction Site-2020","Pre","Largemouth bass",1
"474","2020-10-21","2020","HH52","Construction Site","Construction Site-Pre","Construction Site-2020","Pre","Logperch",1
"475","2020-10-21","2020","HH52","Construction Site","Construction Site-Pre","Construction Site-2020","Pre","Rock bass",1
"476","2020-10-21","2020","HH53","Piers 5-7","Piers 5-7-Pre","Piers 5-7-2020","Pre","Gizzard shad",1
"477","2020-10-21","2020","HH53","Piers 5-7","Piers 5-7-Pre","Piers 5-7-2020","Pre","Largemouth bass",1
"478","2020-10-21","2020","HH53","Piers 5-7","Piers 5-7-Pre","Piers 5-7-2020","Pre","Logperch",8
"479","2020-10-21","2020","HH54","Piers 5-7","Piers 5-7-Pre","Piers 5-7-2020","Pre","Gizzard shad",2
"480","2020-10-21","2020","HH54","Piers 5-7","Piers 5-7-Pre","Piers 5-7-2020","Pre","Logperch",1
"481","2020-10-21","2020","HH54","Piers 5-7","Piers 5-7-Pre","Piers 5-7-2020","Pre","Spottail shiner",1
"482","2020-10-21","2020","HH60","Macassa Bay","Macassa Bay-Pre","Macassa Bay-2020","Pre","Brook silverside",1
"483","2020-10-21","2020","HH60","Macassa Bay","Macassa Bay-Pre","Macassa Bay-2020","Pre","Emerald shiner",2
"484","2020-10-21","2020","HH60","Macassa Bay","Macassa Bay-Pre","Macassa Bay-2020","Pre","Goldfish",1
"485","2020-10-21","2020","HH60","Macassa Bay","Macassa Bay-Pre","Macassa Bay-2020","Pre","Largemouth bass",3
"486","2020-10-21","2020","HH60","Macassa Bay","Macassa Bay-Pre","Macassa Bay-2020","Pre","Logperch",17
"487","2020-10-21","2020","HH60","Macassa Bay","Macassa Bay-Pre","Macassa Bay-2020","Pre","Rock bass",3
"488","2020-10-21","2020","HH60","Macassa Bay","Macassa Bay-Pre","Macassa Bay-2020","Pre","Spottail shiner",2
"489","2021-07-28","2021","HH50","Piers 5-7","Piers 5-7-Construction","Piers 5-7-2021","Construction","Gizzard shad",7
"490","2021-07-28","2021","HH51","Piers 5-7","Piers 5-7-Construction","Piers 5-7-2021","Construction","Bigmouth buffalo",1
"491","2021-07-28","2021","HH51","Piers 5-7","Piers 5-7-Construction","Piers 5-7-2021","Construction","Gizzard shad",1
"492","2021-07-28","2021","HH51","Piers 5-7","Piers 5-7-Construction","Piers 5-7-2021","Construction","Rock bass",1
"493","2021-07-28","2021","HH51","Piers 5-7","Piers 5-7-Construction","Piers 5-7-2021","Construction","Rudd",3
"494","2021-07-28","2021","HH51","Piers 5-7","Piers 5-7-Construction","Piers 5-7-2021","Construction","Yellow perch",1
"495","2021-07-28","2021","HH53","Piers 5-7","Piers 5-7-Construction","Piers 5-7-2021","Construction","Bluegill",1
"496","2021-07-28","2021","HH53","Piers 5-7","Piers 5-7-Construction","Piers 5-7-2021","Construction","Gizzard shad",4
"497","2021-07-28","2021","HH53","Piers 5-7","Piers 5-7-Construction","Piers 5-7-2021","Construction","White perch",1
"498","2021-07-28","2021","HH54","Piers 5-7","Piers 5-7-Construction","Piers 5-7-2021","Construction","Gizzard shad",3
"499","2021-07-28","2021","HH55","Macassa Bay","Macassa Bay-Construction","Macassa Bay-2021","Construction","Bluegill",2
"500","2021-07-28","2021","HH55","Macassa Bay","Macassa Bay-Construction","Macassa Bay-2021","Construction","Brown bullhead",1
"501","2021-07-28","2021","HH55","Macassa Bay","Macassa Bay-Construction","Macassa Bay-2021","Construction","Gizzard shad",5
"502","2021-07-28","2021","HH55","Macassa Bay","Macassa Bay-Construction","Macassa Bay-2021","Construction","Goldfish",4
"503","2021-07-28","2021","HH55","Macassa Bay","Macassa Bay-Construction","Macassa Bay-2021","Construction","Largemouth bass",6
"504","2021-07-28","2021","HH55","Macassa Bay","Macassa Bay-Construction","Macassa Bay-2021","Construction","Logperch",1
"505","2021-07-28","2021","HH55","Macassa Bay","Macassa Bay-Construction","Macassa Bay-2021","Construction","Yellow perch",2
"506","2021-07-28","2021","HH56","Macassa Bay","Macassa Bay-Construction","Macassa Bay-2021","Construction","Alewife",1
"507","2021-07-28","2021","HH56","Macassa Bay","Macassa Bay-Construction","Macassa Bay-2021","Construction","Emerald shiner",1
"508","2021-07-28","2021","HH56","Macassa Bay","Macassa Bay-Construction","Macassa Bay-2021","Construction","Gizzard shad",4
"509","2021-07-28","2021","HH56","Macassa Bay","Macassa Bay-Construction","Macassa Bay-2021","Construction","Pumpkinseed",1
"510","2021-07-28","2021","HH57","Macassa Bay","Macassa Bay-Construction","Macassa Bay-2021","Construction","Bluegill",2
"511","2021-07-28","2021","HH57","Macassa Bay","Macassa Bay-Construction","Macassa Bay-2021","Construction","Emerald shiner",2
"512","2021-07-28","2021","HH57","Macassa Bay","Macassa Bay-Construction","Macassa Bay-2021","Construction","Gizzard shad",9
"513","2021-07-28","2021","HH57","Macassa Bay","Macassa Bay-Construction","Macassa Bay-2021","Construction","Logperch",1
"514","2021-07-28","2021","HH58","Macassa Bay","Macassa Bay-Construction","Macassa Bay-2021","Construction","Bluegill",4
"515","2021-07-28","2021","HH58","Macassa Bay","Macassa Bay-Construction","Macassa Bay-2021","Construction","Brown bullhead",2
"516","2021-07-28","2021","HH58","Macassa Bay","Macassa Bay-Construction","Macassa Bay-2021","Construction","Goldfish",1
"517","2021-07-28","2021","HH58","Macassa Bay","Macassa Bay-Construction","Macassa Bay-2021","Construction","Largemouth bass",2
"518","2021-07-28","2021","HH58","Macassa Bay","Macassa Bay-Construction","Macassa Bay-2021","Construction","Rudd",1
"519","2021-07-28","2021","HH60","Macassa Bay","Macassa Bay-Construction","Macassa Bay-2021","Construction","Bluegill",3
"520","2021-07-28","2021","HH60","Macassa Bay","Macassa Bay-Construction","Macassa Bay-2021","Construction","Brown bullhead",1
"521","2021-07-28","2021","HH60","Macassa Bay","Macassa Bay-Construction","Macassa Bay-2021","Construction","Emerald shiner",3
"522","2021-07-28","2021","HH60","Macassa Bay","Macassa Bay-Construction","Macassa Bay-2021","Construction","Gizzard shad",2
"523","2021-07-28","2021","HH60","Macassa Bay","Macassa Bay-Construction","Macassa Bay-2021","Construction","Goldfish",3
"524","2021-07-28","2021","HH60","Macassa Bay","Macassa Bay-Construction","Macassa Bay-2021","Construction","Largemouth bass",3
"525","2021-07-28","2021","HH60","Macassa Bay","Macassa Bay-Construction","Macassa Bay-2021","Construction","Rudd",2
"526","2021-07-28","2021","HH60","Macassa Bay","Macassa Bay-Construction","Macassa Bay-2021","Construction","Yellow perch",2
"527","2021-07-29","2021","HH52","Construction Site","Construction Site-Construction","Construction Site-2021","Construction","Gizzard shad",8
"528","2021-07-29","2021","HH59","Macassa Bay","Macassa Bay-Construction","Macassa Bay-2021","Construction","Brown bullhead",1
"529","2021-07-29","2021","HH59","Macassa Bay","Macassa Bay-Construction","Macassa Bay-2021","Construction","Emerald shiner",1
"530","2021-07-29","2021","HH59","Macassa Bay","Macassa Bay-Construction","Macassa Bay-2021","Construction","Gizzard shad",3
"531","2021-07-29","2021","HH59","Macassa Bay","Macassa Bay-Construction","Macassa Bay-2021","Construction","Rock bass",2
"532","2021-07-29","2021","HH59","Macassa Bay","Macassa Bay-Construction","Macassa Bay-2021","Construction","Rudd",2
"533","2021-07-29","2021","HH59","Macassa Bay","Macassa Bay-Construction","Macassa Bay-2021","Construction","Yellow perch",1
"534","2021-08-24","2021","HH50","Piers 5-7","Piers 5-7-Construction","Piers 5-7-2021","Construction","Bluegill",2
"535","2021-08-24","2021","HH50","Piers 5-7","Piers 5-7-Construction","Piers 5-7-2021","Construction","Brook silverside",2
"536","2021-08-24","2021","HH50","Piers 5-7","Piers 5-7-Construction","Piers 5-7-2021","Construction","Brown bullhead",1
"537","2021-08-24","2021","HH50","Piers 5-7","Piers 5-7-Construction","Piers 5-7-2021","Construction","Gizzard shad",1
"538","2021-08-24","2021","HH50","Piers 5-7","Piers 5-7-Construction","Piers 5-7-2021","Construction","Rock bass",1
"539","2021-08-24","2021","HH51","Piers 5-7","Piers 5-7-Construction","Piers 5-7-2021","Construction","Bluegill",1
"540","2021-08-24","2021","HH51","Piers 5-7","Piers 5-7-Construction","Piers 5-7-2021","Construction","Rudd",1
"541","2021-08-24","2021","HH51","Piers 5-7","Piers 5-7-Construction","Piers 5-7-2021","Construction","Spottail shiner",1
"542","2021-08-24","2021","HH52","Construction Site","Construction Site-Construction","Construction Site-2021","Construction","Gizzard shad",3
"543","2021-08-24","2021","HH53","Piers 5-7","Piers 5-7-Construction","Piers 5-7-2021","Construction","Brook silverside",1
"544","2021-08-24","2021","HH53","Piers 5-7","Piers 5-7-Construction","Piers 5-7-2021","Construction","Gizzard shad",3
"545","2021-08-24","2021","HH53","Piers 5-7","Piers 5-7-Construction","Piers 5-7-2021","Construction","Largemouth bass",2
"546","2021-08-24","2021","HH53","Piers 5-7","Piers 5-7-Construction","Piers 5-7-2021","Construction","Logperch",1
"547","2021-08-24","2021","HH53","Piers 5-7","Piers 5-7-Construction","Piers 5-7-2021","Construction","White perch",1
"548","2021-08-25","2021","HH54","Piers 5-7","Piers 5-7-Construction","Piers 5-7-2021","Construction","Gizzard shad",4
"549","2021-08-25","2021","HH55","Macassa Bay","Macassa Bay-Construction","Macassa Bay-2021","Construction","Bluegill",3
"550","2021-08-25","2021","HH55","Macassa Bay","Macassa Bay-Construction","Macassa Bay-2021","Construction","Gizzard shad",4
"551","2021-08-25","2021","HH55","Macassa Bay","Macassa Bay-Construction","Macassa Bay-2021","Construction","Goldfish",1
"552","2021-08-25","2021","HH55","Macassa Bay","Macassa Bay-Construction","Macassa Bay-2021","Construction","Largemouth bass",1
"553","2021-08-26","2021","HH56","Macassa Bay","Macassa Bay-Construction","Macassa Bay-2021","Construction","Gizzard shad",4
"554","2021-08-26","2021","HH56","Macassa Bay","Macassa Bay-Construction","Macassa Bay-2021","Construction","Largemouth bass",1
"555","2021-08-26","2021","HH57","Macassa Bay","Macassa Bay-Construction","Macassa Bay-2021","Construction","Gizzard shad",10
"556","2021-08-26","2021","HH58","Macassa Bay","Macassa Bay-Construction","Macassa Bay-2021","Construction","Brook silverside",1
"557","2021-08-26","2021","HH58","Macassa Bay","Macassa Bay-Construction","Macassa Bay-2021","Construction","Gizzard shad",14
"558","2021-08-26","2021","HH59","Macassa Bay","Macassa Bay-Construction","Macassa Bay-2021","Construction","Bluegill",1
"559","2021-08-26","2021","HH59","Macassa Bay","Macassa Bay-Construction","Macassa Bay-2021","Construction","Gizzard shad",1
"560","2021-08-26","2021","HH59","Macassa Bay","Macassa Bay-Construction","Macassa Bay-2021","Construction","Goldfish",1
"561","2021-08-26","2021","HH59","Macassa Bay","Macassa Bay-Construction","Macassa Bay-2021","Construction","Largemouth bass",1
"562","2021-08-26","2021","HH59","Macassa Bay","Macassa Bay-Construction","Macassa Bay-2021","Construction","Pumpkinseed",1
"563","2021-08-26","2021","HH59","Macassa Bay","Macassa Bay-Construction","Macassa Bay-2021","Construction","Rock bass",1
"564","2021-08-26","2021","HH59","Macassa Bay","Macassa Bay-Construction","Macassa Bay-2021","Construction","White perch",1
"565","2021-08-26","2021","HH60","Macassa Bay","Macassa Bay-Construction","Macassa Bay-2021","Construction","Bluegill",3
"566","2021-08-26","2021","HH60","Macassa Bay","Macassa Bay-Construction","Macassa Bay-2021","Construction","Gizzard shad",1
"567","2021-08-26","2021","HH60","Macassa Bay","Macassa Bay-Construction","Macassa Bay-2021","Construction","Largemouth bass",3
"568","2021-10-19","2021","HH55","Macassa Bay","Macassa Bay-Construction","Macassa Bay-2021","Construction","Bluegill",4
"569","2021-10-19","2021","HH55","Macassa Bay","Macassa Bay-Construction","Macassa Bay-2021","Construction","Brook silverside",11
"570","2021-10-19","2021","HH55","Macassa Bay","Macassa Bay-Construction","Macassa Bay-2021","Construction","Brown bullhead",3
"571","2021-10-19","2021","HH55","Macassa Bay","Macassa Bay-Construction","Macassa Bay-2021","Construction","Gizzard shad",1
"572","2021-10-19","2021","HH55","Macassa Bay","Macassa Bay-Construction","Macassa Bay-2021","Construction","Goldfish",3
"573","2021-10-19","2021","HH55","Macassa Bay","Macassa Bay-Construction","Macassa Bay-2021","Construction","Largemouth bass",14
"574","2021-10-19","2021","HH55","Macassa Bay","Macassa Bay-Construction","Macassa Bay-2021","Construction","Logperch",5
"575","2021-10-19","2021","HH55","Macassa Bay","Macassa Bay-Construction","Macassa Bay-2021","Construction","Pumpkinseed",1
"576","2021-10-19","2021","HH55","Macassa Bay","Macassa Bay-Construction","Macassa Bay-2021","Construction","White sucker",1
"577","2021-10-19","2021","HH55","Macassa Bay","Macassa Bay-Construction","Macassa Bay-2021","Construction","Yellow perch",4
"578","2021-10-19","2021","HH56","Macassa Bay","Macassa Bay-Construction","Macassa Bay-2021","Construction","Brook silverside",3
"579","2021-10-19","2021","HH56","Macassa Bay","Macassa Bay-Construction","Macassa Bay-2021","Construction","Largemouth bass",1
"580","2021-10-19","2021","HH56","Macassa Bay","Macassa Bay-Construction","Macassa Bay-2021","Construction","Spottail shiner",1
"581","2021-10-19","2021","HH57","Macassa Bay","Macassa Bay-Construction","Macassa Bay-2021","Construction","Brook silverside",14
"582","2021-10-19","2021","HH57","Macassa Bay","Macassa Bay-Construction","Macassa Bay-2021","Construction","Brown bullhead",1
"583","2021-10-19","2021","HH57","Macassa Bay","Macassa Bay-Construction","Macassa Bay-2021","Construction","Gizzard shad",3
"584","2021-10-19","2021","HH57","Macassa Bay","Macassa Bay-Construction","Macassa Bay-2021","Construction","Logperch",1
"585","2021-10-19","2021","HH58","Macassa Bay","Macassa Bay-Construction","Macassa Bay-2021","Construction","Bluegill",6
"586","2021-10-19","2021","HH58","Macassa Bay","Macassa Bay-Construction","Macassa Bay-2021","Construction","Brook silverside",3
"587","2021-10-19","2021","HH58","Macassa Bay","Macassa Bay-Construction","Macassa Bay-2021","Construction","Brown bullhead",4
"588","2021-10-19","2021","HH58","Macassa Bay","Macassa Bay-Construction","Macassa Bay-2021","Construction","Goldfish",1
"589","2021-10-19","2021","HH58","Macassa Bay","Macassa Bay-Construction","Macassa Bay-2021","Construction","Largemouth bass",3
"590","2021-10-19","2021","HH58","Macassa Bay","Macassa Bay-Construction","Macassa Bay-2021","Construction","Logperch",5
"591","2021-10-19","2021","HH58","Macassa Bay","Macassa Bay-Construction","Macassa Bay-2021","Construction","White perch",2
"592","2021-10-19","2021","HH58","Macassa Bay","Macassa Bay-Construction","Macassa Bay-2021","Construction","Yellow perch",5
"593","2021-10-19","2021","HH59","Macassa Bay","Macassa Bay-Construction","Macassa Bay-2021","Construction","Bluegill",1
"594","2021-10-19","2021","HH59","Macassa Bay","Macassa Bay-Construction","Macassa Bay-2021","Construction","Brook silverside",6
"595","2021-10-19","2021","HH59","Macassa Bay","Macassa Bay-Construction","Macassa Bay-2021","Construction","Emerald shiner",2
"596","2021-10-19","2021","HH59","Macassa Bay","Macassa Bay-Construction","Macassa Bay-2021","Construction","Goldfish",2
"597","2021-10-19","2021","HH59","Macassa Bay","Macassa Bay-Construction","Macassa Bay-2021","Construction","Largemouth bass",2
"598","2021-10-19","2021","HH59","Macassa Bay","Macassa Bay-Construction","Macassa Bay-2021","Construction","Rock bass",1
"599","2021-10-19","2021","HH59","Macassa Bay","Macassa Bay-Construction","Macassa Bay-2021","Construction","Rudd",2
"600","2021-10-19","2021","HH59","Macassa Bay","Macassa Bay-Construction","Macassa Bay-2021","Construction","Spottail shiner",1
"601","2021-10-19","2021","HH59","Macassa Bay","Macassa Bay-Construction","Macassa Bay-2021","Construction","Yellow perch",1
"602","2021-10-19","2021","HH60","Macassa Bay","Macassa Bay-Construction","Macassa Bay-2021","Construction","Bluegill",2
"603","2021-10-19","2021","HH60","Macassa Bay","Macassa Bay-Construction","Macassa Bay-2021","Construction","Brook silverside",7
"604","2021-10-19","2021","HH60","Macassa Bay","Macassa Bay-Construction","Macassa Bay-2021","Construction","Brown bullhead",3
"605","2021-10-19","2021","HH60","Macassa Bay","Macassa Bay-Construction","Macassa Bay-2021","Construction","Carp",1
"606","2021-10-19","2021","HH60","Macassa Bay","Macassa Bay-Construction","Macassa Bay-2021","Construction","Gizzard shad",1
"607","2021-10-19","2021","HH60","Macassa Bay","Macassa Bay-Construction","Macassa Bay-2021","Construction","Goldfish",1
"608","2021-10-19","2021","HH60","Macassa Bay","Macassa Bay-Construction","Macassa Bay-2021","Construction","Largemouth bass",15
"609","2021-10-19","2021","HH60","Macassa Bay","Macassa Bay-Construction","Macassa Bay-2021","Construction","Logperch",1
"610","2021-10-19","2021","HH60","Macassa Bay","Macassa Bay-Construction","Macassa Bay-2021","Construction","Northern pike",1
"611","2021-10-19","2021","HH60","Macassa Bay","Macassa Bay-Construction","Macassa Bay-2021","Construction","Pumpkinseed",6
"612","2021-10-19","2021","HH60","Macassa Bay","Macassa Bay-Construction","Macassa Bay-2021","Construction","Rudd",1
"613","2021-10-19","2021","HH60","Macassa Bay","Macassa Bay-Construction","Macassa Bay-2021","Construction","White perch",1
"614","2021-10-20","2021","HH50","Piers 5-7","Piers 5-7-Construction","Piers 5-7-2021","Construction","Bluegill",3
"615","2021-10-20","2021","HH50","Piers 5-7","Piers 5-7-Construction","Piers 5-7-2021","Construction","Brook silverside",7
"616","2021-10-20","2021","HH50","Piers 5-7","Piers 5-7-Construction","Piers 5-7-2021","Construction","Emerald shiner",1
"617","2021-10-20","2021","HH50","Piers 5-7","Piers 5-7-Construction","Piers 5-7-2021","Construction","Largemouth bass",1
"618","2021-10-20","2021","HH50","Piers 5-7","Piers 5-7-Construction","Piers 5-7-2021","Construction","Logperch",2
"619","2021-10-20","2021","HH50","Piers 5-7","Piers 5-7-Construction","Piers 5-7-2021","Construction","Pumpkinseed",1
"620","2021-10-20","2021","HH50","Piers 5-7","Piers 5-7-Construction","Piers 5-7-2021","Construction","Rock bass",3
"621","2021-10-20","2021","HH50","Piers 5-7","Piers 5-7-Construction","Piers 5-7-2021","Construction","Walleye(yellow pickerel)",1
"622","2021-10-20","2021","HH51","Piers 5-7","Piers 5-7-Construction","Piers 5-7-2021","Construction","Bigmouth buffalo",1
"623","2021-10-20","2021","HH51","Piers 5-7","Piers 5-7-Construction","Piers 5-7-2021","Construction","Bluegill",2
"624","2021-10-20","2021","HH51","Piers 5-7","Piers 5-7-Construction","Piers 5-7-2021","Construction","Brook silverside",5
"625","2021-10-20","2021","HH51","Piers 5-7","Piers 5-7-Construction","Piers 5-7-2021","Construction","Goldfish",1
"626","2021-10-20","2021","HH51","Piers 5-7","Piers 5-7-Construction","Piers 5-7-2021","Construction","Logperch",1
"627","2021-10-20","2021","HH51","Piers 5-7","Piers 5-7-Construction","Piers 5-7-2021","Construction","Rock bass",1
"628","2021-10-20","2021","HH51","Piers 5-7","Piers 5-7-Construction","Piers 5-7-2021","Construction","Walleye(yellow pickerel)",1
"629","2021-10-20","2021","HH52","Construction Site","Construction Site-Construction","Construction Site-2021","Construction","Brook silverside",3
"630","2021-10-20","2021","HH52","Construction Site","Construction Site-Construction","Construction Site-2021","Construction","Brown bullhead",1
"631","2021-10-20","2021","HH52","Construction Site","Construction Site-Construction","Construction Site-2021","Construction","Gizzard shad",1
"632","2021-10-20","2021","HH52","Construction Site","Construction Site-Construction","Construction Site-2021","Construction","Walleye(yellow pickerel)",1
"633","2021-10-20","2021","HH53","Piers 5-7","Piers 5-7-Construction","Piers 5-7-2021","Construction","Brook silverside",2
"634","2021-10-20","2021","HH53","Piers 5-7","Piers 5-7-Construction","Piers 5-7-2021","Construction","Gizzard shad",1
"635","2021-10-20","2021","HH53","Piers 5-7","Piers 5-7-Construction","Piers 5-7-2021","Construction","Logperch",4
"636","2021-10-20","2021","HH54","Piers 5-7","Piers 5-7-Construction","Piers 5-7-2021","Construction","Brook silverside",4
"637","2021-10-20","2021","HH54","Piers 5-7","Piers 5-7-Construction","Piers 5-7-2021","Construction","Logperch",2
"638","2022-08-02","2022","HH52","Construction Site","Construction Site-Post","Construction Site-2022","Post","Gizzard shad",1
"639","2022-08-02","2022","HH53","Piers 5-7","Piers 5-7-Post","Piers 5-7-2022","Post","Gizzard shad",6
"640","2022-08-02","2022","HH53","Piers 5-7","Piers 5-7-Post","Piers 5-7-2022","Post","Green sunfish",1
"641","2022-08-02","2022","HH53","Piers 5-7","Piers 5-7-Post","Piers 5-7-2022","Post","Largemouth bass",1
"642","2022-08-02","2022","HH53","Piers 5-7","Piers 5-7-Post","Piers 5-7-2022","Post","Logperch",4
"643","2022-08-02","2022","HH53","Piers 5-7","Piers 5-7-Post","Piers 5-7-2022","Post","Rock bass",2
"644","2022-08-02","2022","HH53","Piers 5-7","Piers 5-7-Post","Piers 5-7-2022","Post","Walleye(yellow pickerel)",1
"645","2022-08-02","2022","HH53","Piers 5-7","Piers 5-7-Post","Piers 5-7-2022","Post","White perch",2
"646","2022-08-02","2022","HH54","Piers 5-7","Piers 5-7-Post","Piers 5-7-2022","Post","Largemouth bass",4
"647","2022-08-02","2022","HH54","Piers 5-7","Piers 5-7-Post","Piers 5-7-2022","Post","White perch",1
"648","2022-08-03","2022","HH50","Piers 5-7","Piers 5-7-Post","Piers 5-7-2022","Post","Bluegill",1
"649","2022-08-03","2022","HH50","Piers 5-7","Piers 5-7-Post","Piers 5-7-2022","Post","Gizzard shad",7
"650","2022-08-03","2022","HH50","Piers 5-7","Piers 5-7-Post","Piers 5-7-2022","Post","Largemouth bass",3
"651","2022-08-03","2022","HH50","Piers 5-7","Piers 5-7-Post","Piers 5-7-2022","Post","Rock bass",3
"652","2022-08-04","2022","HH55","Macassa Bay","Macassa Bay-Post","Macassa Bay-2022","Post","Alewife",1
"653","2022-08-04","2022","HH55","Macassa Bay","Macassa Bay-Post","Macassa Bay-2022","Post","Bluegill",4
"654","2022-08-04","2022","HH55","Macassa Bay","Macassa Bay-Post","Macassa Bay-2022","Post","Brown bullhead",2
"655","2022-08-04","2022","HH55","Macassa Bay","Macassa Bay-Post","Macassa Bay-2022","Post","Gizzard shad",2
"656","2022-08-04","2022","HH55","Macassa Bay","Macassa Bay-Post","Macassa Bay-2022","Post","Largemouth bass",2
"657","2022-08-04","2022","HH55","Macassa Bay","Macassa Bay-Post","Macassa Bay-2022","Post","Logperch",1
"658","2022-08-04","2022","HH55","Macassa Bay","Macassa Bay-Post","Macassa Bay-2022","Post","Spottail shiner",8
"659","2022-08-04","2022","HH55","Macassa Bay","Macassa Bay-Post","Macassa Bay-2022","Post","White perch",7
"660","2022-08-04","2022","HH55","Macassa Bay","Macassa Bay-Post","Macassa Bay-2022","Post","White sucker",1
"661","2022-08-04","2022","HH55","Macassa Bay","Macassa Bay-Post","Macassa Bay-2022","Post","Yellow perch",4
"662","2022-08-04","2022","HH56","Macassa Bay","Macassa Bay-Post","Macassa Bay-2022","Post","Bluegill",1
"663","2022-08-04","2022","HH56","Macassa Bay","Macassa Bay-Post","Macassa Bay-2022","Post","Brown bullhead",2
"664","2022-08-04","2022","HH56","Macassa Bay","Macassa Bay-Post","Macassa Bay-2022","Post","Gizzard shad",2
"665","2022-08-04","2022","HH56","Macassa Bay","Macassa Bay-Post","Macassa Bay-2022","Post","Goldfish",2
"666","2022-08-04","2022","HH56","Macassa Bay","Macassa Bay-Post","Macassa Bay-2022","Post","Largemouth bass",1
"667","2022-08-04","2022","HH56","Macassa Bay","Macassa Bay-Post","Macassa Bay-2022","Post","White perch",7
"668","2022-08-04","2022","HH56","Macassa Bay","Macassa Bay-Post","Macassa Bay-2022","Post","Yellow perch",1
"669","2022-08-04","2022","HH57","Macassa Bay","Macassa Bay-Post","Macassa Bay-2022","Post","Alewife",1
"670","2022-08-04","2022","HH57","Macassa Bay","Macassa Bay-Post","Macassa Bay-2022","Post","Bluegill",1
"671","2022-08-04","2022","HH57","Macassa Bay","Macassa Bay-Post","Macassa Bay-2022","Post","Brook silverside",1
"672","2022-08-04","2022","HH57","Macassa Bay","Macassa Bay-Post","Macassa Bay-2022","Post","Largemouth bass",2
"673","2022-08-04","2022","HH57","Macassa Bay","Macassa Bay-Post","Macassa Bay-2022","Post","Walleye(yellow pickerel)",1
"674","2022-08-04","2022","HH57","Macassa Bay","Macassa Bay-Post","Macassa Bay-2022","Post","White perch",8
"675","2022-08-04","2022","HH58","Macassa Bay","Macassa Bay-Post","Macassa Bay-2022","Post","Alewife",2
"676","2022-08-04","2022","HH58","Macassa Bay","Macassa Bay-Post","Macassa Bay-2022","Post","Bigmouth buffalo",1
"677","2022-08-04","2022","HH58","Macassa Bay","Macassa Bay-Post","Macassa Bay-2022","Post","Bluegill",5
"678","2022-08-04","2022","HH58","Macassa Bay","Macassa Bay-Post","Macassa Bay-2022","Post","Brown bullhead",3
"679","2022-08-04","2022","HH58","Macassa Bay","Macassa Bay-Post","Macassa Bay-2022","Post","Gizzard shad",5
"680","2022-08-04","2022","HH58","Macassa Bay","Macassa Bay-Post","Macassa Bay-2022","Post","Largemouth bass",9
"681","2022-08-04","2022","HH58","Macassa Bay","Macassa Bay-Post","Macassa Bay-2022","Post","Pumpkinseed",2
"682","2022-08-04","2022","HH58","Macassa Bay","Macassa Bay-Post","Macassa Bay-2022","Post","White perch",3
"683","2022-08-05","2022","HH51","Piers 5-7","Piers 5-7-Post","Piers 5-7-2022","Post","Gizzard shad",13
"684","2022-08-05","2022","HH51","Piers 5-7","Piers 5-7-Post","Piers 5-7-2022","Post","Logperch",2
"685","2022-08-05","2022","HH51","Piers 5-7","Piers 5-7-Post","Piers 5-7-2022","Post","Walleye(yellow pickerel)",1
"686","2022-10-24","2022","HH50","Piers 5-7","Piers 5-7-Post","Piers 5-7-2022","Post","Bluegill",16
"687","2022-10-24","2022","HH50","Piers 5-7","Piers 5-7-Post","Piers 5-7-2022","Post","Brook silverside",1
"688","2022-10-24","2022","HH50","Piers 5-7","Piers 5-7-Post","Piers 5-7-2022","Post","Chinook salmon",1
"689","2022-10-24","2022","HH50","Piers 5-7","Piers 5-7-Post","Piers 5-7-2022","Post","Green sunfish",1
"690","2022-10-24","2022","HH50","Piers 5-7","Piers 5-7-Post","Piers 5-7-2022","Post","Largemouth bass",4
"691","2022-10-24","2022","HH50","Piers 5-7","Piers 5-7-Post","Piers 5-7-2022","Post","Pumpkinseed",4
"692","2022-10-24","2022","HH50","Piers 5-7","Piers 5-7-Post","Piers 5-7-2022","Post","Rock bass",13
"693","2022-10-24","2022","HH51","Piers 5-7","Piers 5-7-Post","Piers 5-7-2022","Post","Bluegill",2
"694","2022-10-24","2022","HH51","Piers 5-7","Piers 5-7-Post","Piers 5-7-2022","Post","Brook silverside",20
"695","2022-10-24","2022","HH51","Piers 5-7","Piers 5-7-Post","Piers 5-7-2022","Post","Brown bullhead",13
"696","2022-10-24","2022","HH51","Piers 5-7","Piers 5-7-Post","Piers 5-7-2022","Post","Gizzard shad",1
"697","2022-10-24","2022","HH51","Piers 5-7","Piers 5-7-Post","Piers 5-7-2022","Post","Largemouth bass",4
"698","2022-10-24","2022","HH51","Piers 5-7","Piers 5-7-Post","Piers 5-7-2022","Post","Logperch",5
"699","2022-10-24","2022","HH51","Piers 5-7","Piers 5-7-Post","Piers 5-7-2022","Post","Rock bass",4
"700","2022-10-24","2022","HH51","Piers 5-7","Piers 5-7-Post","Piers 5-7-2022","Post","Rudd",2
"701","2022-10-24","2022","HH51","Piers 5-7","Piers 5-7-Post","Piers 5-7-2022","Post","Yellow perch",1
"702","2022-10-24","2022","HH52","Construction Site","Construction Site-Post","Construction Site-2022","Post","Brook silverside",12
"703","2022-10-24","2022","HH52","Construction Site","Construction Site-Post","Construction Site-2022","Post","Gizzard shad",2
"704","2022-10-24","2022","HH52","Construction Site","Construction Site-Post","Construction Site-2022","Post","Largemouth bass",4
"705","2022-10-24","2022","HH52","Construction Site","Construction Site-Post","Construction Site-2022","Post","Logperch",2
"706","2022-10-24","2022","HH52","Construction Site","Construction Site-Post","Construction Site-2022","Post","Rock bass",3
"707","2022-10-24","2022","HH53","Piers 5-7","Piers 5-7-Post","Piers 5-7-2022","Post","Bluegill",6
"708","2022-10-24","2022","HH53","Piers 5-7","Piers 5-7-Post","Piers 5-7-2022","Post","Brook silverside",5
"709","2022-10-24","2022","HH53","Piers 5-7","Piers 5-7-Post","Piers 5-7-2022","Post","Green sunfish",1
"710","2022-10-24","2022","HH53","Piers 5-7","Piers 5-7-Post","Piers 5-7-2022","Post","Largemouth bass",5
"711","2022-10-24","2022","HH53","Piers 5-7","Piers 5-7-Post","Piers 5-7-2022","Post","Logperch",20
"712","2022-10-24","2022","HH53","Piers 5-7","Piers 5-7-Post","Piers 5-7-2022","Post","Rock bass",2
"713","2022-10-24","2022","HH53","Piers 5-7","Piers 5-7-Post","Piers 5-7-2022","Post","Rudd",1
"714","2022-10-24","2022","HH54","Piers 5-7","Piers 5-7-Post","Piers 5-7-2022","Post","Bluegill",5
"715","2022-10-24","2022","HH54","Piers 5-7","Piers 5-7-Post","Piers 5-7-2022","Post","Brook silverside",10
"716","2022-10-24","2022","HH54","Piers 5-7","Piers 5-7-Post","Piers 5-7-2022","Post","Brown bullhead",1
"717","2022-10-24","2022","HH54","Piers 5-7","Piers 5-7-Post","Piers 5-7-2022","Post","Largemouth bass",2
"718","2022-10-24","2022","HH54","Piers 5-7","Piers 5-7-Post","Piers 5-7-2022","Post","Logperch",7
"719","2022-10-24","2022","HH54","Piers 5-7","Piers 5-7-Post","Piers 5-7-2022","Post","Rock bass",1
"720","2022-10-25","2022","HH55","Macassa Bay","Macassa Bay-Post","Macassa Bay-2022","Post","Bluegill",1
"721","2022-10-25","2022","HH55","Macassa Bay","Macassa Bay-Post","Macassa Bay-2022","Post","Brook silverside",10
"722","2022-10-25","2022","HH55","Macassa Bay","Macassa Bay-Post","Macassa Bay-2022","Post","Chinook salmon",1
"723","2022-10-25","2022","HH55","Macassa Bay","Macassa Bay-Post","Macassa Bay-2022","Post","Largemouth bass",13
"724","2022-10-25","2022","HH55","Macassa Bay","Macassa Bay-Post","Macassa Bay-2022","Post","Logperch",1
"725","2022-10-25","2022","HH55","Macassa Bay","Macassa Bay-Post","Macassa Bay-2022","Post","Pumpkinseed",1
"726","2022-10-25","2022","HH55","Macassa Bay","Macassa Bay-Post","Macassa Bay-2022","Post","Rock bass",2
"727","2022-10-25","2022","HH55","Macassa Bay","Macassa Bay-Post","Macassa Bay-2022","Post","Rudd",11
"728","2022-10-25","2022","HH55","Macassa Bay","Macassa Bay-Post","Macassa Bay-2022","Post","Yellow perch",4
"729","2022-10-25","2022","HH56","Macassa Bay","Macassa Bay-Post","Macassa Bay-2022","Post","Bluegill",1
"730","2022-10-25","2022","HH56","Macassa Bay","Macassa Bay-Post","Macassa Bay-2022","Post","Brook silverside",17
"731","2022-10-25","2022","HH56","Macassa Bay","Macassa Bay-Post","Macassa Bay-2022","Post","Largemouth bass",7
"732","2022-10-25","2022","HH56","Macassa Bay","Macassa Bay-Post","Macassa Bay-2022","Post","Logperch",1
"733","2022-10-25","2022","HH56","Macassa Bay","Macassa Bay-Post","Macassa Bay-2022","Post","Rudd",4
"734","2022-10-25","2022","HH56","Macassa Bay","Macassa Bay-Post","Macassa Bay-2022","Post","Yellow perch",2
"735","2022-10-25","2022","HH57","Macassa Bay","Macassa Bay-Post","Macassa Bay-2022","Post","Brook silverside",14
"736","2022-10-25","2022","HH57","Macassa Bay","Macassa Bay-Post","Macassa Bay-2022","Post","Brown bullhead",5
"737","2022-10-25","2022","HH57","Macassa Bay","Macassa Bay-Post","Macassa Bay-2022","Post","Carp",1
"738","2022-10-25","2022","HH57","Macassa Bay","Macassa Bay-Post","Macassa Bay-2022","Post","Largemouth bass",5
"739","2022-10-25","2022","HH57","Macassa Bay","Macassa Bay-Post","Macassa Bay-2022","Post","Rudd",2
"740","2022-10-25","2022","HH57","Macassa Bay","Macassa Bay-Post","Macassa Bay-2022","Post","Yellow perch",1
"741","2022-10-25","2022","HH59","Macassa Bay","Macassa Bay-Post","Macassa Bay-2022","Post","Bluegill",2
"742","2022-10-25","2022","HH59","Macassa Bay","Macassa Bay-Post","Macassa Bay-2022","Post","Bluntnose minnow",1
"743","2022-10-25","2022","HH59","Macassa Bay","Macassa Bay-Post","Macassa Bay-2022","Post","Brook silverside",3
"744","2022-10-25","2022","HH59","Macassa Bay","Macassa Bay-Post","Macassa Bay-2022","Post","Brown bullhead",6
"745","2022-10-25","2022","HH59","Macassa Bay","Macassa Bay-Post","Macassa Bay-2022","Post","Carp",1
"746","2022-10-25","2022","HH59","Macassa Bay","Macassa Bay-Post","Macassa Bay-2022","Post","Gizzard shad",4
"747","2022-10-25","2022","HH59","Macassa Bay","Macassa Bay-Post","Macassa Bay-2022","Post","Goldfish",2
"748","2022-10-25","2022","HH59","Macassa Bay","Macassa Bay-Post","Macassa Bay-2022","Post","Largemouth bass",8
"749","2023-05-10","2023","HH50","Piers 5-7","Piers 5-7-Post","Piers 5-7-2023","Post","Gizzard shad",16
"750","2023-05-10","2023","HH50","Piers 5-7","Piers 5-7-Post","Piers 5-7-2023","Post","Rock bass",1
"751","2023-05-10","2023","HH50","Piers 5-7","Piers 5-7-Post","Piers 5-7-2023","Post","White perch",2
"752","2023-05-10","2023","HH51","Piers 5-7","Piers 5-7-Post","Piers 5-7-2023","Post","Gizzard shad",2
"753","2023-05-10","2023","HH51","Piers 5-7","Piers 5-7-Post","Piers 5-7-2023","Post","Largemouth bass",1
"754","2023-05-10","2023","HH51","Piers 5-7","Piers 5-7-Post","Piers 5-7-2023","Post","Rock bass",1
"755","2023-05-10","2023","HH51","Piers 5-7","Piers 5-7-Post","Piers 5-7-2023","Post","White sucker",2
"756","2023-05-11","2023","HH52","Construction Site","Construction Site-Post","Construction Site-2023","Post","Gizzard shad",1
"757","2023-05-11","2023","HH53","Piers 5-7","Piers 5-7-Post","Piers 5-7-2023","Post","Bluegill",2
"758","2023-05-11","2023","HH53","Piers 5-7","Piers 5-7-Post","Piers 5-7-2023","Post","Brown bullhead",3
"759","2023-05-11","2023","HH53","Piers 5-7","Piers 5-7-Post","Piers 5-7-2023","Post","Gizzard shad",7
"760","2023-05-11","2023","HH53","Piers 5-7","Piers 5-7-Post","Piers 5-7-2023","Post","Green sunfish",2
"761","2023-05-11","2023","HH53","Piers 5-7","Piers 5-7-Post","Piers 5-7-2023","Post","Rock bass",1
"762","2023-05-11","2023","HH53","Piers 5-7","Piers 5-7-Post","Piers 5-7-2023","Post","White perch",5
"763","2023-07-20","2023","HH51","Piers 5-7","Piers 5-7-Post","Piers 5-7-2023","Post","Bigmouth buffalo",1
"764","2023-07-20","2023","HH51","Piers 5-7","Piers 5-7-Post","Piers 5-7-2023","Post","Gizzard shad",14
"765","2023-07-20","2023","HH51","Piers 5-7","Piers 5-7-Post","Piers 5-7-2023","Post","Largemouth bass",1
"766","2023-07-20","2023","HH51","Piers 5-7","Piers 5-7-Post","Piers 5-7-2023","Post","Rock bass",2
"767","2023-07-21","2023","HH52","Construction Site","Construction Site-Post","Construction Site-2023","Post","Gizzard shad",4
"768","2023-07-21","2023","HH52","Construction Site","Construction Site-Post","Construction Site-2023","Post","White perch",5
"769","2023-07-21","2023","HH53","Piers 5-7","Piers 5-7-Post","Piers 5-7-2023","Post","Gizzard shad",1
"770","2023-07-21","2023","HH53","Piers 5-7","Piers 5-7-Post","Piers 5-7-2023","Post","Largemouth bass",1
"771","2023-07-21","2023","HH54","Piers 5-7","Piers 5-7-Post","Piers 5-7-2023","Post","Bluegill",6
"772","2023-07-21","2023","HH54","Piers 5-7","Piers 5-7-Post","Piers 5-7-2023","Post","Brown bullhead",2
"773","2023-07-21","2023","HH54","Piers 5-7","Piers 5-7-Post","Piers 5-7-2023","Post","Gizzard shad",20
"774","2023-07-21","2023","HH54","Piers 5-7","Piers 5-7-Post","Piers 5-7-2023","Post","Green sunfish",1
"775","2023-07-21","2023","HH54","Piers 5-7","Piers 5-7-Post","Piers 5-7-2023","Post","Largemouth bass",12
"776","2023-07-21","2023","HH54","Piers 5-7","Piers 5-7-Post","Piers 5-7-2023","Post","Logperch",4
"777","2023-07-21","2023","HH54","Piers 5-7","Piers 5-7-Post","Piers 5-7-2023","Post","Rock bass",2
"778","2023-07-21","2023","HH54","Piers 5-7","Piers 5-7-Post","Piers 5-7-2023","Post","Round Goby",2
"779","2023-07-21","2023","HH54","Piers 5-7","Piers 5-7-Post","Piers 5-7-2023","Post","Walleye(yellow pickerel)",1
"780","2023-07-21","2023","HH54","Piers 5-7","Piers 5-7-Post","Piers 5-7-2023","Post","Yellow perch",1
"781","2023-09-27","2023","HH55","Macassa Bay","Macassa Bay-Post","Macassa Bay-2023","Post","Bluegill",12
"782","2023-09-27","2023","HH55","Macassa Bay","Macassa Bay-Post","Macassa Bay-2023","Post","Brook silverside",3
"783","2023-09-27","2023","HH55","Macassa Bay","Macassa Bay-Post","Macassa Bay-2023","Post","Brown bullhead",1
"784","2023-09-27","2023","HH55","Macassa Bay","Macassa Bay-Post","Macassa Bay-2023","Post","Gizzard shad",14
"785","2023-09-27","2023","HH55","Macassa Bay","Macassa Bay-Post","Macassa Bay-2023","Post","Goldfish",1
"786","2023-09-27","2023","HH55","Macassa Bay","Macassa Bay-Post","Macassa Bay-2023","Post","Largemouth bass",6
"787","2023-09-27","2023","HH55","Macassa Bay","Macassa Bay-Post","Macassa Bay-2023","Post","Logperch",1
"788","2023-09-27","2023","HH55","Macassa Bay","Macassa Bay-Post","Macassa Bay-2023","Post","Pumpkinseed",7
"789","2023-09-27","2023","HH55","Macassa Bay","Macassa Bay-Post","Macassa Bay-2023","Post","Rock bass",2
"790","2023-09-27","2023","HH55","Macassa Bay","Macassa Bay-Post","Macassa Bay-2023","Post","Rudd",6
"791","2023-09-27","2023","HH55","Macassa Bay","Macassa Bay-Post","Macassa Bay-2023","Post","White perch",1
"792","2023-09-27","2023","HH55","Macassa Bay","Macassa Bay-Post","Macassa Bay-2023","Post","Yellow perch",4
"793","2023-09-27","2023","HH58","Macassa Bay","Macassa Bay-Post","Macassa Bay-2023","Post","Bluegill",2
"794","2023-09-27","2023","HH58","Macassa Bay","Macassa Bay-Post","Macassa Bay-2023","Post","Brook silverside",2
"795","2023-09-27","2023","HH58","Macassa Bay","Macassa Bay-Post","Macassa Bay-2023","Post","Gizzard shad",15
"796","2023-09-27","2023","HH58","Macassa Bay","Macassa Bay-Post","Macassa Bay-2023","Post","Largemouth bass",2
"797","2023-09-27","2023","HH58","Macassa Bay","Macassa Bay-Post","Macassa Bay-2023","Post","Pumpkinseed",6
"798","2023-09-27","2023","HH58","Macassa Bay","Macassa Bay-Post","Macassa Bay-2023","Post","Rudd",1
"799","2023-09-27","2023","HH58","Macassa Bay","Macassa Bay-Post","Macassa Bay-2023","Post","Yellow perch",4
"800","2023-09-27","2023","HH59","Macassa Bay","Macassa Bay-Post","Macassa Bay-2023","Post","Bluegill",1
"801","2023-09-27","2023","HH59","Macassa Bay","Macassa Bay-Post","Macassa Bay-2023","Post","Brook silverside",1
"802","2023-09-27","2023","HH59","Macassa Bay","Macassa Bay-Post","Macassa Bay-2023","Post","Emerald shiner",2
"803","2023-09-27","2023","HH59","Macassa Bay","Macassa Bay-Post","Macassa Bay-2023","Post","Golden shiner",3
"804","2023-09-27","2023","HH59","Macassa Bay","Macassa Bay-Post","Macassa Bay-2023","Post","Largemouth bass",17
"805","2023-09-27","2023","HH59","Macassa Bay","Macassa Bay-Post","Macassa Bay-2023","Post","Logperch",2
"806","2023-09-27","2023","HH59","Macassa Bay","Macassa Bay-Post","Macassa Bay-2023","Post","Pumpkinseed",3
"807","2023-09-27","2023","HH59","Macassa Bay","Macassa Bay-Post","Macassa Bay-2023","Post","Rock bass",7
"808","2023-09-27","2023","HH59","Macassa Bay","Macassa Bay-Post","Macassa Bay-2023","Post","Rudd",2
"809","2023-09-27","2023","HH59","Macassa Bay","Macassa Bay-Post","Macassa Bay-2023","Post","White perch",3
"810","2023-09-27","2023","HH60","Macassa Bay","Macassa Bay-Post","Macassa Bay-2023","Post","Bluegill",20
"811","2023-09-27","2023","HH60","Macassa Bay","Macassa Bay-Post","Macassa Bay-2023","Post","Brook silverside",2
"812","2023-09-27","2023","HH60","Macassa Bay","Macassa Bay-Post","Macassa Bay-2023","Post","Brown bullhead",3
"813","2023-09-27","2023","HH60","Macassa Bay","Macassa Bay-Post","Macassa Bay-2023","Post","Common shiner",1
"814","2023-09-27","2023","HH60","Macassa Bay","Macassa Bay-Post","Macassa Bay-2023","Post","Emerald shiner",2
"815","2023-09-27","2023","HH60","Macassa Bay","Macassa Bay-Post","Macassa Bay-2023","Post","Gizzard shad",1
"816","2023-09-27","2023","HH60","Macassa Bay","Macassa Bay-Post","Macassa Bay-2023","Post","Largemouth bass",8
"817","2023-09-27","2023","HH60","Macassa Bay","Macassa Bay-Post","Macassa Bay-2023","Post","Logperch",15
"818","2023-09-27","2023","HH60","Macassa Bay","Macassa Bay-Post","Macassa Bay-2023","Post","Pumpkinseed",11
"819","2023-09-27","2023","HH60","Macassa Bay","Macassa Bay-Post","Macassa Bay-2023","Post","Rock bass",1
"820","2023-09-27","2023","HH60","Macassa Bay","Macassa Bay-Post","Macassa Bay-2023","Post","Rudd",14
"821","2023-09-27","2023","HH60","Macassa Bay","Macassa Bay-Post","Macassa Bay-2023","Post","Spottail shiner",8
"822","2023-09-27","2023","HH60","Macassa Bay","Macassa Bay-Post","Macassa Bay-2023","Post","White perch",4
"823","2023-09-27","2023","HH60","Macassa Bay","Macassa Bay-Post","Macassa Bay-2023","Post","White sucker",2
"824","2023-09-27","2023","HH60","Macassa Bay","Macassa Bay-Post","Macassa Bay-2023","Post","Yellow perch",10
"825","2023-10-03","2023","HH50","Piers 5-7","Piers 5-7-Post","Piers 5-7-2023","Post","Bluegill",12
"826","2023-10-03","2023","HH50","Piers 5-7","Piers 5-7-Post","Piers 5-7-2023","Post","Brook silverside",2
"827","2023-10-03","2023","HH50","Piers 5-7","Piers 5-7-Post","Piers 5-7-2023","Post","Brown bullhead",3
"828","2023-10-03","2023","HH50","Piers 5-7","Piers 5-7-Post","Piers 5-7-2023","Post","Gizzard shad",1
"829","2023-10-03","2023","HH50","Piers 5-7","Piers 5-7-Post","Piers 5-7-2023","Post","Green sunfish",2
"830","2023-10-03","2023","HH50","Piers 5-7","Piers 5-7-Post","Piers 5-7-2023","Post","Largemouth bass",5
"831","2023-10-03","2023","HH50","Piers 5-7","Piers 5-7-Post","Piers 5-7-2023","Post","Logperch",4
"832","2023-10-03","2023","HH50","Piers 5-7","Piers 5-7-Post","Piers 5-7-2023","Post","Pumpkinseed",5
"833","2023-10-03","2023","HH50","Piers 5-7","Piers 5-7-Post","Piers 5-7-2023","Post","Rock bass",13
"834","2023-10-03","2023","HH50","Piers 5-7","Piers 5-7-Post","Piers 5-7-2023","Post","Rudd",1
"835","2023-10-03","2023","HH50","Piers 5-7","Piers 5-7-Post","Piers 5-7-2023","Post","Smallmouth bass",2
"836","2023-10-03","2023","HH50","Piers 5-7","Piers 5-7-Post","Piers 5-7-2023","Post","Spottail shiner",1
"837","2023-10-03","2023","HH50","Piers 5-7","Piers 5-7-Post","Piers 5-7-2023","Post","Walleye(yellow pickerel)",1
"838","2023-10-03","2023","HH51","Piers 5-7","Piers 5-7-Post","Piers 5-7-2023","Post","American eel",1
"839","2023-10-03","2023","HH51","Piers 5-7","Piers 5-7-Post","Piers 5-7-2023","Post","Bluegill",20
"840","2023-10-03","2023","HH51","Piers 5-7","Piers 5-7-Post","Piers 5-7-2023","Post","Largemouth bass",8
"841","2023-10-03","2023","HH51","Piers 5-7","Piers 5-7-Post","Piers 5-7-2023","Post","Logperch",16
"842","2023-10-03","2023","HH51","Piers 5-7","Piers 5-7-Post","Piers 5-7-2023","Post","Pumpkinseed",5
"843","2023-10-03","2023","HH51","Piers 5-7","Piers 5-7-Post","Piers 5-7-2023","Post","Rock bass",14
"844","2023-10-03","2023","HH51","Piers 5-7","Piers 5-7-Post","Piers 5-7-2023","Post","Rudd",1
"845","2023-10-03","2023","HH51","Piers 5-7","Piers 5-7-Post","Piers 5-7-2023","Post","White perch",1
"846","2023-10-03","2023","HH52","Construction Site","Construction Site-Post","Construction Site-2023","Post","Bluegill",3
"847","2023-10-03","2023","HH52","Construction Site","Construction Site-Post","Construction Site-2023","Post","Brook silverside",3
"848","2023-10-03","2023","HH52","Construction Site","Construction Site-Post","Construction Site-2023","Post","Brown bullhead",2
"849","2023-10-03","2023","HH52","Construction Site","Construction Site-Post","Construction Site-2023","Post","Gizzard shad",2
"850","2023-10-03","2023","HH52","Construction Site","Construction Site-Post","Construction Site-2023","Post","Largemouth bass",19
"851","2023-10-03","2023","HH52","Construction Site","Construction Site-Post","Construction Site-2023","Post","Logperch",18
"852","2023-10-03","2023","HH52","Construction Site","Construction Site-Post","Construction Site-2023","Post","Pumpkinseed",2
"853","2023-10-03","2023","HH52","Construction Site","Construction Site-Post","Construction Site-2023","Post","Rock bass",2
"854","2023-10-03","2023","HH52","Construction Site","Construction Site-Post","Construction Site-2023","Post","Rudd",1
"855","2023-10-03","2023","HH52","Construction Site","Construction Site-Post","Construction Site-2023","Post","Walleye(yellow pickerel)",1
"856","2023-10-03","2023","HH52","Construction Site","Construction Site-Post","Construction Site-2023","Post","White perch",4
"857","2023-10-03","2023","HH56","Macassa Bay","Macassa Bay-Post","Macassa Bay-2023","Post","Bluegill",4
"858","2023-10-03","2023","HH56","Macassa Bay","Macassa Bay-Post","Macassa Bay-2023","Post","Brook silverside",2
"859","2023-10-03","2023","HH56","Macassa Bay","Macassa Bay-Post","Macassa Bay-2023","Post","Brown bullhead",2
"860","2023-10-03","2023","HH56","Macassa Bay","Macassa Bay-Post","Macassa Bay-2023","Post","Largemouth bass",5
"861","2023-10-03","2023","HH56","Macassa Bay","Macassa Bay-Post","Macassa Bay-2023","Post","Logperch",3
"862","2023-10-03","2023","HH56","Macassa Bay","Macassa Bay-Post","Macassa Bay-2023","Post","Pumpkinseed",6
"863","2023-10-03","2023","HH56","Macassa Bay","Macassa Bay-Post","Macassa Bay-2023","Post","Rudd",10
"864","2023-10-03","2023","HH56","Macassa Bay","Macassa Bay-Post","Macassa Bay-2023","Post","White perch",2
"865","2023-10-03","2023","HH56","Macassa Bay","Macassa Bay-Post","Macassa Bay-2023","Post","Yellow perch",6
"866","2023-10-04","2023","HH53","Piers 5-7","Piers 5-7-Post","Piers 5-7-2023","Post","Brook silverside",1
"867","2023-10-04","2023","HH54","Piers 5-7","Piers 5-7-Post","Piers 5-7-2023","Post","Bluegill",1
"868","2023-10-04","2023","HH54","Piers 5-7","Piers 5-7-Post","Piers 5-7-2023","Post","Smallmouth bass",1
"869","2023-10-04","2023","HH54","Piers 5-7","Piers 5-7-Post","Piers 5-7-2023","Post","Spottail shiner",1
"870","2023-10-04","2023","HH54","Piers 5-7","Piers 5-7-Post","Piers 5-7-2023","Post","Walleye(yellow pickerel)",1
