MNR Fish ID,HH efish data,Found during surveys,Sp/Fam/Hyb,ScientificName,Common_Name,Family,Genus,Species,Notes,Native,Non-Indigenous,Centrarchid,Cyprinid,Intolerant,Piscivore,Generalist,Specialist,Offshore,Trophic Level,ThermalGuild,Habitat OFFLHD,Feeding guild OFFLHD,Riverine habitat OFFLHD,Lacustrine habitat OFFLHD,Benthic Feeding guild OFFLHD,Benthopelagic feeding guild OFFLHD,Pelagic feeding guild OFFLHD,Trophic class OFFLHD,Invertivore OFFLHD,Carnivore OFFLHD,Detritivore OFFLHD,Herbivore OFFLHD,Planktivore OFFLHD,Thermal Level,Warm Water,Cool Water,Cold Water,COSEWIC a,DO Tolerance Tang et al,Turbidity tolerance Trebitz et al,DFO Turbidity (Trebitz + IBI),Info in IBI metrics table,match to intolerant,ITISTSN,FamilyNumber,NONFEED,BENTHIC,SURWCOL,ALGPHYTO,MACVASCU,DETRITUS,INVLVFSH,FSHCRCRB,BLOOD,EGGS,OTHER,MAXTL,MATUAGE,LONGEVITY,FECUNDITY,JAN,FEB,MAR,APR,MAY,JUN,JUL,AUG,SEP,OCT,NOV,DEC,SEASON,A_1_1,A_1_2,A_1_3A,A_1_3B,A_1_3C,A_1_4,A_1_5,A_1_6,A_2_3A,A_2_3B,A_2_3C,A_2_4A,A_2_4C,B_1_3A,B_1_4,B_2_2,B_2_3A,B_2_3B,B_2_4,B_2_5,B_2_6,B_2_7A,B_2_7B,B_2_7C,C1_3_4_C24,EURYHALINE,MINTEMP,MAXTEMP,MUCK,CLAYSILT,SAND,GRAVEL,COBBLE,BOULDER,BEDROCK,VEGETAT,DEBRDETR,LWD,PELAGIC,PREFLOT,PREFLEN,POTANADR,LACUSTRINE,LOWLAND,UPLAND,MONTANE,LARGERIV,SMALLRIV,SPRGSUBT,CREEK,SLOWCURR,MODCURR,FASTCURR
F0061,Yes,Y,Species,Alosa pseudoharengus,alewife,Clupeidae,Alosa,pseudoharengus,,FALSE,TRUE,FALSE,FALSE,FALSE,FALSE,FALSE,TRUE,TRUE,3,Cool,Lacustrine,Pelagic,FALSE,TRUE,FALSE,FALSE,TRUE,Planktivore,FALSE,FALSE,FALSE,FALSE,TRUE,2,FALSE,TRUE,FALSE,,M,T,FALSE,Yes,Match,161706,97,0,1,1,0,0,0,1,1,0,0,0,40,3,5.5,300000,0,0,1,0,0,0,0,0,0,0,0,0,1,0,0,0,0,0,1,0,0,0,0,0,0,0,0,0,0,0,0,0,0,0,0,0,0,0,1,-999,-999,0,0,0,0,0,0,0,0,0,0,1,0,0,0,1,1,1,0,1,1,0,0,1,0,0
F0011,,N,Species,Lethenteron appendix,American brook lamprey,Petromyzontidae,Lethenteron,appendix,,TRUE,FALSE,FALSE,FALSE,,FALSE,,,FALSE,3,Cold,Riverine,Benthic,TRUE,FALSE,TRUE,FASLE,FALSE,Herbivore,FALSE,FALSE,FALSE,TRUE,FALSE,3,FALSE,FALSE,TRUE,,,,,No,No tolerance data,159708,2,1,0,0,-1,-1,-1,-1,-1,-1,-1,-1,35,5,6,3000,0,0,1,0,0,0,0,0,0,0,0,0,1,0,0,0,0,0,0,0,0,0,1,0,0,0,0,0,0,0,0,0,0,0,0,0,0,0,0,-9.8,28.8,0,1,1,1,1,0,0,0,0,0,0,1,0,0,0,1,1,0,0,1,0,1,1,1,0
F0251,Yes,Y,Species,Anguilla rostrata,american eel,Anguillidae,Anguilla,rostrata,,TRUE,FALSE,FALSE,FALSE,FALSE,TRUE,FALSE,FALSE,FALSE,1,Cool,Riverine/Lacustrine,Benthic,TRUE,TRUE,TRUE,FASLE,FALSE,Invertivore/Carnivore,TRUE,TRUE,FALSE,FALSE,FALSE,2,FALSE,TRUE,FALSE,Threatened,M,,FALSE,Yes,Match,,,,,,,,,,,,,,,,,,,,,,,,,,,,,,,,,,,,,,,,,,,,,,,,,,,,,,,,,,,,,,,,,,,,,,,,,,,,,,,,,,,
F0077,,N,Species,Salmo salar,atlantic salmon,Salmonidae,Salmo,salar,,TRUE,FALSE,FALSE,FALSE,,TRUE,FALSE,FALSE,TRUE,1,Cold,Lacustrine,Benthopelagic,FALSE,TRUE,FALSE,TRUE,FALSE,Invertivore/Carnivore,TRUE,TRUE,FALSE,FALSE,FALSE,3,FALSE,FALSE,TRUE,,,,,No,No tolerance data,161996,175,0,1,1,0,0,0,1,1,0,0,0,75,4,9,20000,0,0,0,0,0,0,0,0,0,1,1,1,3,0,0,0,0,0,0,0,0,1,0,0,0,0,0,0,0,0,0,0,0,0,0,0,0,0,1,-555,-555,0,0,1,1,0,0,0,0,0,0,0,1,0,0,0,0,1,0,1,1,0,0,1,1,0
F0261,,Y,Species,Fundulus diaphanus,banded killifish,Fundulidae,Fundulus,diaphanus,,TRUE,FALSE,FALSE,FALSE,FALSE,FALSE,FALSE,TRUE,FALSE,3,Cool,Riverine/Lacustrine,Benthopelagic,TRUE,TRUE,FALSE,TRUE,FALSE,Invertivore/Planktivore,TRUE,FALSE,FALSE,FALSE,TRUE,2,FALSE,TRUE,FALSE,Not at Risk,T,MT,FALSE,Yes,Match,165646,262,0,1,1,0,1,0,1,0,0,1,0,10,1,4,252,0,0,0,1,1,1,1,1,1,0,0,0,6,0,0,0,0,0,1,0,0,0,0,0,0,0,0,0,0,0,0,0,0,0,0,0,0,0,0,-999,-999,1,1,1,1,1,0,0,0,1,0,0,1,0,0,1,1,1,0,1,1,0,1,1,0,0
F0166,Yes,Y,Species,Ictiobus cyprinellus,bigmouth buffalo,Catostomidae,Ictiobus,cyprinellus,,TRUE,FALSE,FALSE,FALSE,FALSE,FALSE,FALSE,TRUE,FALSE,3,Cool,Riverine/Lacustrine,Benthic,TRUE,TRUE,TRUE,FASLE,FALSE,Invertivore,TRUE,FALSE,FALSE,FALSE,FALSE,2,FALSE,TRUE,FALSE,Non-active,M,,FALSE,Yes,Match,163956,105,0,1,1,1,0,1,1,0,0,0,0,123,3,15,750000,0,0,0,0.25,1,0,0,0,0,0,0,0,1.25,0,0,0,0,0,1,0,0,0,0,0,0,0,0,0,0,0,0,0,0,0,0,0,0,0,0,-8,31.7,0,1,1,1,0,0,0,1,1,1,0,0,1,0,1,1,0,0,1,0,0,0,1,0,0
F0231,Yes,Y,Species,Ameiurus melas,black bullhead,Ictaluridae,Ameiurus,melas,,TRUE,FALSE,FALSE,FALSE,FALSE,FALSE,TRUE,FALSE,FALSE,2,Warm,Riverine/Lacustrine,Benthic,TRUE,TRUE,TRUE,FASLE,FALSE,Invertivore/Carnivore,TRUE,TRUE,FALSE,FALSE,FALSE,1,TRUE,FALSE,FALSE,,M,MT,FALSE,Yes,Match,164039,143,0,1,1,1,1,1,1,1,0,0,0,66,2.5,5.5,5495,0,0,0,0.75,1,0.5,0,0,0,0,0,0,2.25,0,0,0,0,0,0,0,0,0,0,0,0,0,0,0,0,0,1,0,0,0,0,0,0,0,0,-7.7,32,1,0,0,0,0,0,0,1,1,1,0,1,0,0,1,1,1,0,1,1,0,1,1,0,0
F0319,Yes,Y,Species,Pomoxis nigromaculatus,black crappie,Centrarchidae,Pomoxis,nigromaculatus,,TRUE,FALSE,TRUE,FALSE,FALSE,FALSE,FALSE,TRUE,FALSE,3,Warm,Riverine/Lacustrine,Benthopelagic,TRUE,TRUE,FALSE,TRUE,FALSE,Invertivore/Carnivore,TRUE,TRUE,FALSE,FALSE,FALSE,1,TRUE,FALSE,FALSE,,M,MT,FALSE,Yes,Match,168167,349,0,1,1,0,0,0,1,1,0,0,0,49,2.5,8,188000,0,0,0,1,1,0.25,0,0,0,0,0,0,2.25,0,0,0,0,0,0,0,0,0,0,0,0,0,0,0,1,0,0,0,0,0,0,0,0,0,0,-5.5,31.8,1,1,1,0,0,0,0,1,1,1,0,0,1,0,1,1,1,0,1,1,0,1,1,0,0
F0199,,Y,Species,Notropis heterodon,blackchin shiner,Cyprinidae,Notropis,heterodon,,TRUE,FALSE,FALSE,TRUE,FALSE,FALSE,FALSE,TRUE,FALSE,3,Cool,Riverine/Lacustrine,Benthopelagic,TRUE,TRUE,FALSE,TRUE,FALSE,Invertivore,TRUE,FALSE,FALSE,FALSE,FALSE,2,FALSE,TRUE,FALSE,Not at Risk,S,I,TRUE,Yes,No match,163445,102,0,1,1,1,0,1,1,0,0,0,0,7.1,1,4,705,0,0,0,0,0,1,1,1,0,0,0,0,3,0,0,0,0,0,0,1,0,0,0,0,0,0,0,0,0,0,0,0,0,0,0,0,0,0,0,-12.8,27.2,0,1,1,0,0,0,0,1,1,0,0,0,1,0,1,0,1,0,0,1,0,1,1,0,0
F0200,,Y,Species,Notropis heterolepis,blacknose shiner,Cyprinidae,Notropis,heterolepis,,TRUE,FALSE,FALSE,TRUE,TRUE,FALSE,FALSE,TRUE,FALSE,3,Cool,Riverine/Lacustrine,Benthopelagic,TRUE,TRUE,FALSE,TRUE,FALSE,Invertivore/Herbivore,TRUE,FALSE,FALSE,TRUE,FALSE,2,FALSE,TRUE,FALSE,,S,MI,TRUE,Yes,Match,163446,102,0,1,1,1,0,0,1,0,0,1,0,9.8,1,3,1420,0,0,0,0,0,1,1,0.5,0,0,0,0,2.5,0,0,0,0,0,0,0,1,0,0,0,0,0,0,0,0,0,0,0,0,0,0,0,0,0,0,-999,-999,1,1,1,1,1,1,1,1,0,0,0,1,0,0,1,0,1,0,0,1,0,1,1,1,0
F0344,,N,Species,Percina maculata,blackside darter,Percidae,Percina,maculata,"Native to Niagara region, introduced to N shore of L Ont and central ontario",TRUE,FALSE,FALSE,FALSE,,FALSE,,,FALSE,,Cool,Riverine,Benthic,TRUE,FALSE,TRUE,FASLE,FALSE,Invertivore,TRUE,FALSE,FALSE,FALSE,FALSE,2,FALSE,TRUE,FALSE,,,,,No,No tolerance data,168488,350,0,1,1,0,0,0,1,1,0,1,0,11,1.5,4,2000,0,0,0,1,1,1,0,0,0,0,0,0,3,0,0,0,0,0,0,0,0,0,1,0,0,0,0,0,0,0,0,0,0,0,0,0,0,0,0,-10.2,29.9,0,1,1,1,1,0,0,0,0,0,0,1,0,0,0,1,1,0,1,1,0,0,1,1,1
F0314,Yes,Y,Species,Lepomis macrochirus,bluegill,Centrarchidae,Lepomis,macrochirus,,TRUE,FALSE,TRUE,FALSE,FALSE,FALSE,FALSE,TRUE,FALSE,3,Warm,Riverine/Lacustrine,Benthopelagic,TRUE,TRUE,FALSE,TRUE,FALSE,Invertivore,TRUE,FALSE,FALSE,FALSE,FALSE,1,TRUE,FALSE,FALSE,,T,MT,FALSE,Yes,Match,168141,349,0,1,1,1,1,0,1,1,0,1,0,41,2,10,50000,0,0,0,0,1,1,1,1,1,1,0,0,6,0,0,0,0,0,0,0,0,0,0,0,0,0,0,0,1,0,0,0,0,0,0,0,0,0,0,-3.6,32.9,0,0,0,0,0,0,0,1,1,0,0,0,1,0,1,1,1,0,1,1,0,1,1,0,0
F0208,Yes,Y,Species,Pimephales notatus,bluntnose minnow,Cyprinidae,Pimephales,notatus,,TRUE,FALSE,FALSE,TRUE,FALSE,FALSE,TRUE,FALSE,FALSE,2,Warm,Riverine/Lacustrine,Benthopelagic,TRUE,TRUE,FALSE,TRUE,FALSE,Detritivore,FALSE,FALSE,TRUE,FALSE,FALSE,1,TRUE,FALSE,FALSE,Not at Risk,M,MT,FALSE,Yes,Match,163516,102,0,1,1,1,0,1,1,0,0,0,0,11,1,3.5,4195,0,0,0,0,0.75,1,1,0.5,0,0,0,0,3.25,0,0,0,0,0,0,0,0,0,0,0,0,0,0,0,0,0,0,0,0,0,0,0,1,0,0,-9.1,29.8,0,1,1,1,1,1,1,1,0,0,0,1,0,0,1,1,1,1,1,1,0,1,1,1,1
F0051,Yes,Y,Species,Amia calva,bowfin,Benthopelagic,Amia,calva,,TRUE,FALSE,FALSE,FALSE,FALSE,TRUE,FALSE,FALSE,FALSE,1,Warm,Riverine/Lacustrine,Benthopelagic,TRUE,TRUE,FALSE,TRUE,FALSE,Carnivore,FALSE,TRUE,FALSE,FALSE,FALSE,1,TRUE,FALSE,FALSE,,M,T,FALSE,Yes,Match,161104,63,0,1,1,0,0,0,1,1,0,0,0,109,4,25,64000,0,0,0.75,1,1,0,0,0,0,0,0,0,2.75,0,0,0,0,0,0,0,0,0,0,0,0,0,0,0,1,0,0,0,0,0,0,0,0,0,0,-4.8,31.2,0,0,1,1,0,0,0,1,1,0,0,0,1,0,1,1,1,0,1,1,0,0,1,0,0
F0189,,N,Species,Hybognathus hankinsoni,brassy minnow,Cyprinidae,Hybognathus,hankinsoni,,TRUE,FALSE,FALSE,TRUE,,FALSE,,,FALSE,,Cool,Riverine/Lacustrine,Benthic,TRUE,TRUE,TRUE,FASLE,FALSE,Planktivore/detritivore,FALSE,FALSE,TRUE,FALSE,TRUE,2,FALSE,TRUE,FALSE,,,,,No,No tolerance data,163363,102,0,1,1,1,1,1,1,0,0,0,0,9.7,2,3,2500,0,0,0,0,1,1,0,0,0,0,0,0,2,0,0,0,0,0,1,0,0,0,0,0,0,0,0,0,0,0,0,0,0,0,0,0,0,0,0,-17.9,28.4,1,1,1,1,1,0,0,0,0,0,0,1,0,0,0,1,1,0,0,1,0,1,1,0,0
F0197,,Y,Species,Notropis bifrenatus,bridle shiner,Cyprinidae,Notropis,bifrenatus,,TRUE,FALSE,FALSE,TRUE,TRUE,FALSE,FALSE,TRUE,FALSE,2,Warm,Riverine/Lacustrine,Benthopelagic,TRUE,TRUE,FALSE,TRUE,FALSE,Planktivore,FALSE,FALSE,FALSE,FALSE,TRUE,1,TRUE,FALSE,FALSE,Special Concern,S,,TRUE,Yes,Match,163402,102,0,1,1,0,0,0,1,0,0,0,0,5,1,-555,2110,0,0,0,0,0.5,1,0,0,0,0,0,0,1.5,-555,-555,-555,-555,-555,-555,-555,-555,-555,-555,-555,-555,-555,-555,-555,-555,-555,-555,-555,-555,0,-555,-555,-555,-555,0,-11.8,25.4,1,1,1,0,0,0,0,1,0,0,0,1,0,-555,0,1,1,0,1,1,0,1,1,1,0
F0361,Yes,Y,Species,Labidesthes sicculus,brook silverside,Atherinopsidae,Labidesthes,sicculus,,TRUE,FALSE,FALSE,FALSE,TRUE,FALSE,FALSE,TRUE,FALSE,3,Cool,Riverine/Lacustrine,Pelagic,TRUE,TRUE,FALSE,FALSE,TRUE,Invertivore/Planktivore,TRUE,FALSE,FALSE,FALSE,TRUE,2,FALSE,TRUE,FALSE,Not at Risk,M,T,FALSE,Yes,No match,166016,246,0,0,1,0,0,0,1,0,0,0,0,13,1,2,785,0,0,0,0,0,1,1,1,0,0,0,0,3,0,0,0,0,0,1,0,0,0,0,0,0,0,0,0,0,0,0,0,0,0,0,0,0,0,0,-3.9,32.2,1,1,1,1,1,1,1,1,1,0,0,0,1,0,1,1,1,0,1,1,0,1,1,0,0
F0281,,Y,Species,Culaea inconstans,brook stickleback,Gasterosteidae,Culaea,inconstans,,TRUE,FALSE,FALSE,FALSE,FALSE,FALSE,FALSE,TRUE,FALSE,3,Cool,Riverine/Lacustrine,Benthopelagic,TRUE,TRUE,FALSE,TRUE,FALSE,Invertivore/Planktivore,TRUE,FALSE,FALSE,FALSE,TRUE,2,FALSE,TRUE,FALSE,,M,I,TRUE,Yes,No match,166399,291,0,1,1,1,0,0,1,0,0,1,0,8.7,1,2.5,250,0,0,0,1,1,0.5,0,0,0,0,0,0,2.5,0,0,0,0,0,0,0,0,0,0,0,0,0,0,0,0,0,0,1,0,0,0,0,0,0,0,-999,-999,1,1,1,1,1,1,0,0,0,0,0,0,1,0,1,1,1,0,1,1,1,1,1,0,0
F0080,,,Species,Salvelinus fontinalis,brook trout,Salmonidae,Salvelinus,fontinalis,,TRUE,FALSE,FALSE,FALSE,,,,,,,Cold,Riverine/Lacustrine,Benthopelagic,TRUE,TRUE,FALSE,TRUE,FALSE,Invertivore/Carnivore,TRUE,TRUE,FALSE,FALSE,FALSE,3,FALSE,FALSE,TRUE,,,,,,,,,,,,,,,,,,,,,,,,,,,,,,,,,,,,,,,,,,,,,,,,,,,,,,,,,,,,,,,,,,,,,,,,,,,,,,,,,,,,,,,,,
F0233,Yes,Y,Species,Ameiurus nebulosus,brown bullhead,Ictaluridae,Ameiurus,nebulosus,,TRUE,FALSE,FALSE,FALSE,FALSE,FALSE,TRUE,FALSE,FALSE,2,Warm,Riverine/Lacustrine,Benthic,TRUE,TRUE,TRUE,FASLE,FALSE,Invertivore/Carnivore/Herbivore,TRUE,TRUE,FALSE,TRUE,FALSE,1,TRUE,FALSE,FALSE,,T,MT,FALSE,Yes,Match,164043,143,0,1,0,1,1,1,1,1,0,1,0,55,2.5,11,13000,0,0,0,1,0.25,0,0,0,0,0,0,0,1.25,0,0,0,0,0,0,0,0,0,0,0,0,0,0,0,0,0,0,0,0,0,0,1,0,0,0,-8.3,28.1,1,1,1,1,0,0,0,1,0,0,0,0,0,0,1,1,1,0,1,1,0,1,1,0,0
F0078,Yes,Y,Species,Salmo trutta,brown trout,Salmonidae,Salmo,trutta,,FALSE,TRUE,FALSE,FALSE,FALSE,TRUE,FALSE,FALSE,TRUE,1,Cold,Riverine/Lacustrine,Benthopelagic,TRUE,TRUE,FALSE,TRUE,FALSE,Invertivore/Carnivore,TRUE,TRUE,FALSE,FALSE,FALSE,3,FALSE,FALSE,TRUE,,M,,FALSE,Yes,Match,161997,175,0,1,1,0,0,0,1,1,0,0,0,140,4,18,7500,0,0,0,0,0,0,0,0,0,0,1,1,2,0,0,0,0,0,0,0,0,1,0,0,0,0,0,0,0,0,0,0,0,0,0,0,0,0,1,-1,-1,1,1,1,1,1,1,0,0,0,0,0,1,0,0,1,0,1,1,1,1,0,1,0,1,1
F0271,,Y,Species,Lota lota,burbot,Gadidae,Lota,lota,,TRUE,FALSE,FALSE,FALSE,FALSE,TRUE,FALSE,FALSE,TRUE,1,Cold,Riverine/Lacustrine,Benthic,TRUE,TRUE,TRUE,FASLE,FALSE,Invertivore/Carnivore,TRUE,TRUE,FALSE,FALSE,FALSE,3,FALSE,FALSE,TRUE,,M,,FALSE,Yes,Match,164725,220,0,1,1,0,0,0,1,1,0,1,0,152,3,20,1362000,1,1,1,0,0,0,0,0,0,0,0,0,3,0,1,0,0,0,0,0,0,0,0,0,0,0,0,0,0,0,0,0,0,0,0,0,0,0,0,-999,-999,0,0,0,1,1,0,1,1,1,0,0,0,0,0,1,1,1,0,1,0,0,0,1,0,0
F0141,,Y,Species,Umbra limi,central mudminnow,Umbridae,Umbra,limi,,TRUE,FALSE,FALSE,FALSE,FALSE,FALSE,TRUE,FALSE,FALSE,2,Warm,Riverine,Benthic,TRUE,FALSE,TRUE,FASLE,FALSE,Invertivore,TRUE,FALSE,FALSE,FALSE,FALSE,1,TRUE,FALSE,FALSE,,X,MI,TRUE,Yes,No match,162153,177,0,1,1,0,1,0,1,1,0,0,0,14,1,4,1500,0,0,1,0.5,0,0,0,0,0,0,0,0,1.5,0,0,0,0,0,0,0,0,0,0,0,0,0,0,1,0,0,0,0,0,0,0,0,0,0,0,-12,27.4,1,1,1,1,1,1,0,0,1,0,0,0,0,0,1,1,0,0,0,1,0,1,1,0,0
F0216,,N,Species,Campostoma anomalum,central stoneroller,Cyprinidae,Campostoma,anomalum,"Native to S shore of Lk Ont (US side) and N shore of Lk Erie, introduced elsewhere in Ontario",TRUE,FALSE,FALSE,TRUE,,FALSE,,,FALSE,3,Cool,Riverine,Benthic,TRUE,FALSE,TRUE,FASLE,FALSE,Herbivore,FALSE,FALSE,FALSE,TRUE,FALSE,2,FALSE,TRUE,FALSE,,,,,No,No tolerance data,163508,102,0,1,0,1,0,1,1,0,0,1,0,22,2.5,5,4800,0,0,0,1,1,0.5,0,0,0,0,0,0,2.5,0,0,0,0,0,0,0,0,1,0,0,0,0,0,0,0,0,0,0,0,0,0,0,0,0,0,-7.9,31.6,0,0,0,1,1,1,1,0,0,0,0,1,0,0,0,1,1,1,1,1,0,1,0,1,1
F0135,,Y,Species,Esox niger,chain pickerel,Esocidae,Esox,niger,,TRUE,FALSE,FALSE,FALSE,FALSE,TRUE,FALSE,FALSE,FALSE,1,Cool,Riverine/Lacustrine,Benthopelagic,TRUE,TRUE,FALSE,TRUE,FALSE,Carnivore,FALSE,TRUE,FALSE,FALSE,FALSE,2,FALSE,TRUE,FALSE,,M,,FALSE,Yes,Match,162143,176,0,0,1,0,0,0,1,1,0,0,0,99,2,9,8000,0,1,1,0,0,0,0,0,0,0,0,0,2,0,0,0,0,0,0,1,0,0,0,0,0,0,0,0,0,0,0,0,0,0,0,0,0,0,0,-3.3,29.8,0,0,0,0,0,0,0,1,0,1,0,0,1,0,1,1,1,0,1,1,1,1,1,0,0
F0234,Yes,Y,Species,Ictalurus punctatus,channel catfish,Ictaluridae,Ictalurus,punctatus,,TRUE,FALSE,FALSE,FALSE,FALSE,FALSE,TRUE,FALSE,FALSE,2,Warm,Riverine/Lacustrine,Benthic,TRUE,TRUE,TRUE,FASLE,FALSE,Invertivore/Carnivore,TRUE,TRUE,FALSE,FALSE,FALSE,1,TRUE,FALSE,FALSE,,M,T,FALSE,Yes,Match,163998,143,0,1,1,1,1,1,1,1,0,0,0,132,3.5,10,10600,0,0,0,0,0.25,1,0.25,0,0,0,0,0,1.5,0,0,0,0,0,0,0,0,0,0,0,0,0,0,0,0,0,0,0,0,0,0,1,0,0,0,-6.5,32.4,0,0,1,1,1,1,0,0,1,1,0,1,0,0,1,1,1,1,1,1,0,0,1,1,0
F0343,,N,Species,Percina copelandi,channel darter,Percidae,Percina,copelandi,,TRUE,FALSE,FALSE,FALSE,,FALSE,,,FALSE,,Warm,Riverine/Lacustrine,Benthic,TRUE,TRUE,TRUE,FASLE,FALSE,Invertivore/Herbivore,TRUE,FALSE,FALSE,TRUE,FALSE,1,TRUE,FALSE,FALSE,Threatened,,,,No,No tolerance data,168480,350,0,1,0,0,0,0,1,0,0,0,0,7,1,-555,700,0,0,0,0,0.5,0.5,0,0,0,0,0,0,1,0,0,0,0,0,0,0,0,1,0,0,0,0,0,0,0,0,0,0,0,0,0,0,0,0,0,-5.5,30.7,0,0,1,1,0,0,0,0,0,0,0,-555,-555,-555,1,0,1,0,1,1,0,0,1,1,0
F0075,Yes,Y,Species,Oncorhynchus tshawytscha,Chinook salmon,Salmonidae,Oncorhynchus,tshawytscha,,FALSE,TRUE,FALSE,FALSE,FALSE,TRUE,FALSE,FALSE,TRUE,1,Cold,Lacustrine,Pelagic,FALSE,TRUE,FALSE,FALSE,TRUE,Invertivore/Carnivore,TRUE,TRUE,FALSE,FALSE,FALSE,3,FALSE,FALSE,TRUE,,M,,FALSE,Yes,Match,161980,175,0,1,1,0,0,0,1,1,0,0,0,150,5,6,17000,1,1,1,1,0,0,0,1,1,1,1,1,1,0,0,0,0,0,0,0,0,1,0,0,0,0,0,0,0,0,0,0,0,0,0,0,0,0,1,-999,-999,0,0,0,1,0,0,0,0,0,0,1,0,0,1,1,1,1,0,1,1,0,0,1,1,1
F0093,,N,Species,Coregonus artedi,cisco,Salmonidae,Coregonus,artedi,,TRUE,FALSE,FALSE,FALSE,,FALSE,,,TRUE,3,Cold,Lacustrine,Pelagic,FALSE,TRUE,FALSE,FALSE,TRUE,Planktivore/Invertivore,TRUE,FALSE,FALSE,FALSE,TRUE,3,FALSE,FALSE,TRUE,,,,,No,No tolerance data,623384,175,0,1,1,1,0,0,1,1,0,1,0,57.2,6,31,29000,0,0,0,0,0,0,0,0,0,0,0.5,1,1.5,1,0,0,0,0,0,0,0,0,0,0,0,0,0,0,0,0,0,0,0,0,0,0,0,0,0,-999,-999,0,0,0,0,0,0,0,0,0,0,1,0,1,1,1,1,1,0,1,0,0,0,1,0,0
F0073,Yes,Y,Species,Oncorhynchus kisutch,coho salmon,Salmonidae,Oncorhynchus,kisutch,,FALSE,TRUE,FALSE,FALSE,FALSE,TRUE,FALSE,FALSE,TRUE,1,Cold,Riverine/Lacustrine,Pelagic,TRUE,TRUE,FALSE,FALSE,TRUE,Invertivore/Carnivore,TRUE,TRUE,FALSE,FALSE,FALSE,3,FALSE,FALSE,TRUE,,M,,FALSE,Yes,Match,161977,175,0,0,1,0,0,0,1,1,0,0,0,108,3,4,4000,0,0,0,0,0,0,0,0,0,0.5,1,0.5,2,0,0,0,0,0,0,0,0,1,0,0,0,0,0,0,0,0,0,0,0,0,0,0,0,0,1,-555,-555,0,0,0,1,0,0,0,0,0,0,1,0,0,1,1,1,1,0,1,1,0,1,1,1,1
F0186,Yes,Y,Species,Cyprinus carpio,common carp,Cyprinidae,Cyprinus,carpio,,FALSE,TRUE,FALSE,FALSE,FALSE,FALSE,TRUE,FALSE,FALSE,2,Warm,Riverine/Lacustrine,Benthopelagic,TRUE,TRUE,FALSE,TRUE,FALSE,Invertivore/Detritivore,TRUE,FALSE,TRUE,FALSE,FALSE,1,TRUE,FALSE,FALSE,,T,T,FALSE,Yes,Match,163344,102,0,1,1,1,1,1,1,0,0,1,0,120,2,17,2000000,0,0,1,1,1,1,0,0,0,0,0,0,4,0,0,0,0,0,1,0,0,0,0,0,0,0,0,0,0,0,0,0,0,0,0,0,0,0,0,-1,-1,1,1,1,1,1,0,0,1,1,0,0,0,1,0,1,1,1,0,1,1,0,1,1,0,0
F0198,Yes,Y,Species,Luxilus cornutus,common shiner,Cyprinidae,Luxilus,cornutus,,TRUE,FALSE,FALSE,TRUE,FALSE,FALSE,FALSE,TRUE,FALSE,3,Cool,Riverine,Benthopelagic,TRUE,FALSE,FALSE,TRUE,FALSE,Invertivore,TRUE,FALSE,FALSE,FALSE,FALSE,2,FALSE,TRUE,FALSE,,M,T,FALSE,Yes,Match,163836,102,0,1,1,1,1,1,1,1,0,0,0,18,2,6,1950,0,0,0,0,1,1,0,0,0,0,0,0,2,0,0,0,0,0,0,0,0,0,1,0,0,0,0,0,0,0,0,0,0,0,0,0,0,0,0,-12.9,26,1,1,1,1,1,1,1,0,0,0,0,1,0,0,0,0,1,1,1,1,0,1,1,1,0
F0212,,Y,Species,Semotilus atromaculatus,creek chub,Cyprinidae,Semotilus,atromaculatus,,TRUE,FALSE,FALSE,TRUE,FALSE,FALSE,TRUE,FALSE,FALSE,2,Cool,Riverine,Benthopelagic,TRUE,FALSE,FALSE,TRUE,FALSE,Invertivore/Carnivore,TRUE,TRUE,FALSE,FALSE,FALSE,2,FALSE,TRUE,FALSE,,M,MI,TRUE,Yes,Match,163376,102,0,1,1,1,1,0,1,1,0,1,0,30,2,5,7157,0,0,0,0.75,0.75,0,0,0,0,0,0,0,1.5,0,0,0,0,0,0,0,0,0,1,0,0,0,0,0,0,0,0,0,0,0,0,0,0,0,0,-10.7,29.7,1,1,1,1,0,0,0,0,1,0,0,1,0,0,0,1,1,1,0,1,0,1,1,1,0
F0178,,N,Species,Erimyzon oblongus,creek chubsucker,Catostomidae,Erimyzon,oblongus,"native to L Ont tributaries on the US shore of the lake, fishbase, not in OFFLHD",TRUE,FALSE,FALSE,FALSE,,,,,FALSE,,Warm,Riverine,Benthic,TRUE,FALSE,TRUE,FALSE,FALSE,Invertivore/Herbivore,TRUE,FALSE,FALSE,TRUE,FALSE,,,,,,,,,No,No tolerance data,163924,105,0,1,1,1,0,1,1,0,0,0,0,36,2,5.5,83013,0,0,1,1,0.25,0,0,0,0,0,0,0,2.25,0,0,0,1,0,0,0,0,0,0,0,0,0,0,0,0,0,0,0,0,0,0,0,0,0,0,-3.5,30.7,1,1,1,1,1,1,1,1,0,0,0,1,0,0,1,1,1,0,1,1,0,1,1,0,0
F0384,,N,Species,Myoxocephalus thompsonii,deepwater sculpin,Cottidae,Myoxocephalus,thompsonii,,TRUE,FALSE,FALSE,FALSE,,FALSE,,,TRUE,,Cold,Lacustrine,Benthic,FALSE,TRUE,TRUE,FASLE,FALSE,Invertivore,TRUE,FALSE,FALSE,FALSE,FALSE,3,FALSE,FALSE,TRUE,Special Concern,,,,No,No tolerance data,167323,320,0,1,0,0,0,0,1,0,0,1,0,23.5,3,7,1187,1,1,1,1,1,1,1,1,1,1,1,1,12,0,0,0,0,0,0,0,0,0,0,0,0,0,0,0,0,1,0,0,0,0,0,0,0,0,0,-555,-555,0,0,0,0,0,0,0,0,0,0,0,0,1,0,1,1,0,0,0,0,0,0,1,0,0
F0196,Yes,Y,Species,Notropis atherinoides,emerald shiner,Cyprinidae,Notropis,atherinoides,,TRUE,FALSE,FALSE,TRUE,FALSE,FALSE,FALSE,TRUE,FALSE,3,Cool,Riverine/Lacustrine,Benthopelagic,TRUE,TRUE,FALSE,TRUE,FALSE,Planktivore,FALSE,FALSE,FALSE,FALSE,TRUE,2,FALSE,TRUE,FALSE,,M,T,FALSE,Yes,Match,163412,102,0,0,1,1,1,1,1,0,0,0,0,13,1,3,8733,0,0,0,0,0.5,1,1,0,0,0,0,0,2.5,1,0,0,0,0,0,0,0,0,0,0,0,0,0,0,0,0,0,0,0,0,0,0,0,0,0,-19.1,27.6,0,0,1,1,1,0,0,0,0,0,0,0,0,0,1,1,1,0,1,1,0,0,1,1,0
F0213,,Y,Species,Semotilus corporalis,fallfish,Cyprinidae,Semotilus,corporalis,,TRUE,FALSE,FALSE,TRUE,TRUE,FALSE,FALSE,TRUE,FALSE,3,Cool,Riverine/Lacustrine,Benthopelagic,TRUE,TRUE,FALSE,TRUE,FALSE,Invertivore/Carnivore,TRUE,TRUE,FALSE,FALSE,FALSE,2,FALSE,TRUE,FALSE,,M,,TRUE,Yes,No match,163375,102,0,1,1,1,0,1,1,1,0,0,0,51,2.5,9,12000,0,0,0,0.5,0.5,0,0,0,0,0,0,0,1,0,0,0,0,0,0,0,0,1,0,0,0,0,0,0,0,0,0,0,0,0,0,0,0,0,0,-555,-555,0,0,1,1,1,1,1,0,0,0,0,0,0,0,1,0,1,0,1,1,0,0,1,1,0
F0339,,Y,Species,Etheostoma flabellare,fantail darter,Percidae,Etheostoma,flabellare,,TRUE,FALSE,FALSE,FALSE,FALSE,FALSE,FALSE,TRUE,TRUE,3,Cool,Riverine,Benthic,TRUE,FALSE,TRUE,FASLE,FALSE,Invertivore,TRUE,FALSE,FALSE,FALSE,FALSE,2,FALSE,TRUE,FALSE,,S,,FALSE,Yes,No match,168394,350,0,1,0,0,0,0,1,0,0,1,0,8.4,1,4,467,0,0,0,1,1,0,0,0,0,0,0,0,2,0,0,0,0,0,0,0,0,0,0,0,0,0,0,0,0,0,0,0,0,0,1,0,0,0,0,-8.2,29.4,0,0,0,1,1,0,0,0,0,0,0,1,0,0,0,0,1,1,1,1,0,1,0,0,1
F0209,Yes,Y,Species,Pimephales promelas,fathead minnow,Cyprinidae,Pimephales,promelas,,TRUE,FALSE,FALSE,TRUE,FALSE,FALSE,TRUE,FALSE,FALSE,2,Warm,Riverine/Lacustrine,Benthopelagic,TRUE,TRUE,FALSE,TRUE,FALSE,Invertivore/Detritivore,TRUE,FALSE,TRUE,FALSE,FALSE,1,TRUE,FALSE,FALSE,,T,MT,FALSE,Yes,Match,163517,102,0,1,1,1,0,1,1,0,0,0,0,10,0.5,2,10164,0,0,0,0,1,1,1,0.25,0,0,0,0,3.25,0,0,0,0,0,0,0,0,0,0,0,0,0,0,0,0,0,0,0,0,0,0,0,1,0,0,-16.1,29.1,1,1,0,0,0,0,0,1,1,1,0,0,0,0,1,1,1,1,1,1,1,1,1,0,0
F0183,,N,Species,Chrosomus neogaeus,finescale dace,Cyprinidae,Chrosomus,neogaeus,,TRUE,FALSE,FALSE,TRUE,FALSE,FALSE,TRUE,FALSE,FALSE,2,Cool,Riverine/Lacustrine,Benthopelagic,TRUE,TRUE,FALSE,TRUE,FALSE,Planktivore/Invertivore,TRUE,FALSE,FALSE,FALSE,TRUE,2,FALSE,TRUE,FALSE,,M,,FALSE,Yes,Match,163594,102,0,1,1,1,0,0,1,1,0,0,0,10.7,2,7,5850,0,0,0,0.5,1,0.5,0,0,0,0,0,0,2,0,0,0,0,0,1,0,0,0,0,0,0,0,0,0,0,0,0,0,0,0,0,0,0,0,0,-999,-999,1,1,1,0,0,0,0,1,0,0,0,0,1,0,1,1,1,0,0,0,0,1,1,0,0
F0371,Yes,Y,Species,Aplodinotus grunniens,freshwater drum,Sciaenidae,Aplodinotus,grunniens,,TRUE,FALSE,FALSE,FALSE,FALSE,FALSE,FALSE,TRUE,FALSE,3,Warm,Riverine/Lacustrine,Benthic,TRUE,TRUE,TRUE,FASLE,FALSE,Invertivore/Carnivore,TRUE,TRUE,FALSE,FALSE,FALSE,1,TRUE,FALSE,FALSE,,T,T,FALSE,Yes,Match,169364,381,0,1,1,0,0,0,1,1,0,0,0,95,4.5,11,508000,0,0,0,0.25,1,0,0,0,0,0,0,0,1.25,1,0,0,0,0,0,0,0,0,0,0,0,0,0,0,0,0,0,0,0,0,0,0,0,0,1,-6.8,31.8,1,1,0,0,0,0,0,0,0,0,0,0,1,0,1,1,1,0,1,1,0,0,1,0,0
F0063,Yes,Y,Species,Dorosoma cepedianum,gizzard shad,Clupeidae,Dorosoma,cepedianum,,TRUE,FALSE,FALSE,FALSE,FALSE,FALSE,FALSE,TRUE,TRUE,3,Warm,Riverine/Lacustrine,Pelagic,TRUE,TRUE,FALSE,FALSE,TRUE,Herbivore,FALSE,FALSE,FALSE,TRUE,FALSE,1,TRUE,FALSE,FALSE,,T,T,FALSE,Yes,Match,161737,97,0,1,1,1,1,1,1,0,0,0,0,60,2,6,543910,0,0,0,0,1,0.5,0,0,0,0,0,0,1.5,0,0,0,0,0,1,0,0,0,0,0,0,0,0,0,0,0,0,0,0,0,0,0,0,0,1,-6.8,32,0,0,0,0,0,0,0,0,0,0,1,0,0,0,1,1,1,0,1,1,0,0,1,0,0
F0170,Yes,Y,Species,Moxostoma erythrurum,golden redhorse,Catostomidae,Moxostoma,erythrurum,,TRUE,FALSE,FALSE,FALSE,FALSE,FALSE,FALSE,TRUE,FALSE,3,Cool,Riverine,Benthic,TRUE,FALSE,TRUE,FASLE,FALSE,Invertivore,TRUE,FALSE,FALSE,FALSE,FALSE,2,FALSE,TRUE,FALSE,Not at Risk,M,T,FALSE,Yes,Match,163939,105,0,1,0,1,0,1,1,0,0,0,0,78,3.5,8,23350,0,0,0,0.75,1,0.25,0,0,0,0,0,0,2,0,0,0,1,0,0,0,0,0,0,0,0,0,0,0,0,0,0,0,0,0,0,0,0,0,0,-7,30.7,0,1,1,1,1,0,1,0,0,0,0,1,0,0,1,1,1,1,1,1,0,1,1,0,0
F0194,Yes,Y,Species,Notemigonus crysoleucas,golden shiner,Cyprinidae,Notemigonus,crysoleucas,,TRUE,FALSE,FALSE,TRUE,FALSE,FALSE,TRUE,FALSE,FALSE,2,Cool,Lacustrine,Benthopelagic,FALSE,TRUE,FALSE,TRUE,FALSE,Invertivore/Herbivore,TRUE,FALSE,FALSE,TRUE,FALSE,2,FALSE,TRUE,FALSE,,T,MT,FALSE,Yes,Match,163368,102,0,0,1,1,1,0,1,0,0,1,0,30,1,8,4700,0,0,0,0.25,1,1,1,0.25,0,0,0,0,3.5,0,0,0,0,0,0,1,0,0,0,0,0,0,0,0,0,0,0,0,0,0,0,0,0,0,0,-9.4,29.9,0,0,0,0,0,0,0,1,1,0,0,0,1,0,1,1,1,0,1,1,0,1,1,0,0
F0181,Yes,Y,Species,Carassius auratus,goldfish,Cyprinidae,Carassius,auratus,,FALSE,TRUE,FALSE,FALSE,FALSE,FALSE,TRUE,FALSE,FALSE,2,Warm,Riverine/Lacustrine,Benthopelagic,TRUE,TRUE,FALSE,TRUE,FALSE,Invertivore/Herbivore,TRUE,FALSE,FALSE,TRUE,FALSE,1,TRUE,FALSE,FALSE,,,,FALSE,Yes,Match,163350,102,0,1,1,1,1,1,1,0,0,0,0,59,3.5,10,400000,0,0,1,1,1,0,0,0,0,0,0,0,3,0,0,0,0,0,0,1,0,0,0,0,0,0,0,0,0,0,0,0,0,0,0,0,0,0,0,-1,-1,0,0,0,0,0,0,0,1,1,0,0,0,1,0,1,1,1,0,1,1,0,1,1,0,0
F0601,Yes,Y,Hybrid,Carassius auratus X Cyprinus carpio,goldfish x carp,Cyprinidae,Carassius x Cyprinus,,,FALSE,TRUE,FALSE,FALSE,FALSE,FALSE,TRUE,FALSE,FALSE,2,Warm,,,,,,,,,,,,,,1,TRUE,FALSE,FALSE,,,,FALSE,Yes,No DO or Turb data,,,,,,,,,,,,,,,,,,,,,,,,,,,,,,,,,,,,,,,,,,,,,,,,,,,,,,,,,,,,,,,,,,,,,,,,,,,,,,,,,,,
F0133,,Y,Species,Esox americanus,grass pickerel,Esocidae,Esox,americanus,,TRUE,FALSE,FALSE,FALSE,FALSE,TRUE,FALSE,FALSE,FALSE,1,Cool,Riverine/Lacustrine,Benthopelagic,TRUE,TRUE,FALSE,TRUE,FALSE,Invertivore/Carnivore,TRUE,TRUE,FALSE,FALSE,FALSE,2,FALSE,TRUE,FALSE,Special Concern,M,MI,TRUE,Yes,Match,162140,176,0,0,1,0,0,0,1,1,0,0,0,37.6,2.5,7,4584,0,0.5,0.5,0,0,0,0,1,1,0,0,0,3,0,0,0,0,0,0,1,0,0,0,0,0,0,0,0,0,0,0,0,0,0,0,0,0,0,0,-3.6,31,0,0,0,0,0,0,0,1,0,0,0,0,0,0,1,1,1,0,1,1,0,1,1,0,0
F0172,,Y,Species,Moxostoma valenciennesi,greater redhorse,Catostomidae,Moxostoma,valenciennesi,,TRUE,FALSE,FALSE,FALSE,FALSE,FALSE,FALSE,TRUE,FALSE,3,Cool,Riverine/Lacustrine,Benthic,TRUE,TRUE,TRUE,FASLE,FALSE,Invertivore,TRUE,FALSE,FALSE,FALSE,FALSE,2,FALSE,TRUE,FALSE,,S,,FALSE,Yes,No match,163947,105,0,1,0,0,1,0,1,0,0,0,0,80,5,10,72000,0,0,0,0,1,1,0,0,0,0,0,0,2,0,0,0,1,0,0,0,0,0,0,0,0,0,0,0,0,0,0,0,0,0,0,0,0,0,0,-12.6,26.8,0,0,1,1,1,1,0,0,0,0,0,1,0,1,1,0,1,0,1,1,0,0,1,1,0
F0312,Yes,Y,Species,Lepomis cyanellus,green sunfish,Centrarchidae,Lepomis,cyanellus,,TRUE,FALSE,TRUE,FALSE,FALSE,FALSE,FALSE,TRUE,FALSE,3,Warm,Riverine/Lacustrine,Benthopelagic,TRUE,TRUE,FALSE,TRUE,FALSE,Invertivore/Carnivore,TRUE,TRUE,FALSE,FALSE,FALSE,1,TRUE,FALSE,FALSE,Not at Risk,T,T,FALSE,Yes,Match,168132,349,0,1,1,0,0,0,1,1,0,0,0,31,2,8,10000,0,0,0,0,1,1,1,1,0,0,0,0,4,0,0,0,0,0,0,0,0,0,0,0,0,0,0,0,1,0,0,0,0,0,0,0,0,0,0,-5.3,32.9,1,1,1,1,0,0,0,1,1,1,0,1,0,0,1,1,1,0,1,1,0,1,1,0,0
F0192,,N,Species,Nocomis biguttatus,hornyhead chub,Cyprinidae,Nocomis,biguttatus,,TRUE,FALSE,FALSE,TRUE,TRUE,FALSE,TRUE,FALSE,FALSE,2,Cool,Riverine,Benthopelagic,TRUE,FALSE,FALSE,TRUE,FALSE,Invertivore/Herbivore,TRUE,FALSE,FALSE,TRUE,FALSE,2,FALSE,TRUE,FALSE,Not at Risk,M,MI,TRUE,Yes,No match,163395,102,0,1,1,1,1,1,1,1,0,0,0,26,2,4,725,0,0,0,0,1,1,1,0,0,0,0,0,3,0,0,0,0,0,0,0,0,0,0,0,0,0,0,0,0,1,0,0,0,0,0,0,0,0,1,-12.4,29.1,1,1,1,1,1,1,0,0,0,0,0,1,0,0,0,0,1,0,0,1,0,1,1,1,0
F0338,,Y,Species,Etheostoma exile,Iowa darter,Percidae,Etheostoma,exile,,TRUE,FALSE,FALSE,FALSE,TRUE,FALSE,FALSE,TRUE,FALSE,3,Warm,Riverine/Lacustrine,Benthic,TRUE,TRUE,TRUE,FASLE,FALSE,Invertivore,TRUE,FALSE,FALSE,FALSE,FALSE,1,TRUE,FALSE,FALSE,,M,,TRUE,Yes,No match,168393,350,0,1,1,0,0,0,1,0,0,1,0,7.2,1,3.5,962,0,0,0,0.5,1,0.5,0,0,0,0,0,0,2,0,0,0,0,0,0,0,0,0,0,0,0,0,0,1,0,0,0,0,0,0,0,0,0,0,0,-22.5,26.8,1,1,1,1,1,1,0,0,1,0,0,0,1,0,1,1,1,0,1,0,0,0,1,0,0
F0341,Yes,Y,Species,Etheostoma nigrum,johnny darter,Percidae,Etheostoma,nigrum,,TRUE,FALSE,FALSE,FALSE,FALSE,FALSE,FALSE,TRUE,TRUE,3,Cool,Riverine/Lacustrine,Benthic,TRUE,TRUE,TRUE,FASLE,FALSE,Invertivore,TRUE,FALSE,FALSE,FALSE,FALSE,2,FALSE,TRUE,FALSE,,T,MT,FALSE,Yes,Match,168369,350,0,1,0,0,0,0,1,0,0,0,0,7.2,1,4,600,0,0,0,1,0.5,0,0,0,0,0,0,0,1.5,0,0,0,0,0,0,0,0,0,0,0,0,0,0,0,0,0,0,0,0,0,0,0,1,0,0,-17.2,26.6,0,1,1,1,1,0,0,1,1,0,0,0,0,0,1,1,1,0,1,1,0,1,1,0,0
F0185,,Y,Species,Couesius plumbeus,lake chub,Cyprinidae,Couesius,plumbeus,,TRUE,FALSE,FALSE,TRUE,FALSE,FALSE,FALSE,TRUE,FALSE,3,Cool,Riverine/Lacustrine,Benthopelagic,TRUE,TRUE,FALSE,TRUE,FALSE,Planktivore/Invertivore,TRUE,FALSE,FALSE,FALSE,TRUE,2,FALSE,TRUE,FALSE,,M,,FALSE,Yes,Match,163535,102,0,1,1,1,0,0,1,1,0,0,0,23,3,5,2400,0,0,0,0.5,1,0,0,0,0,0,0,0,1.5,0,0,0,0,0,1,0,0,0,0,0,0,0,0,0,0,0,0,0,0,0,0,0,0,0,0,-999,-999,0,0,1,1,0,1,0,0,0,0,0,1,0,1,1,1,1,0,0,1,0,1,1,1,0
F0164,,N,Species,Erimyzon sucetta,lake chubsucker,Catostomidae,Erimyzon,sucetta,,TRUE,FALSE,FALSE,FALSE,FALSE,FALSE,FALSE,TRUE,FALSE,3,Warm,Riverine/Lacustrine,Benthic,TRUE,TRUE,TRUE,FASLE,FALSE,Invertivore/Herbivore,TRUE,FALSE,FALSE,TRUE,FALSE,1,TRUE,FALSE,FALSE,Endangered,M,,FALSE,Yes,Match,163922,105,0,1,0,1,1,1,1,0,0,0,0,41,3,12,18478,0,0,0.75,1,0.25,0,0,0,0,0,0,0,2,0,0,0,0,0,1,0,0,0,0,0,0,0,0,0,0,0,0,0,0,0,0,0,0,0,0,-1.4,32,1,1,1,1,0,0,0,1,0,0,0,0,1,0,1,1,1,0,0,1,1,1,1,0,0
F0031,,N,Species,Acipenser fulvescens,lake sturgeon,Acipenseridae,Acipenser,fulvescens,,TRUE,FALSE,FALSE,FALSE,,FALSE,,,FALSE,3,Cool,Riverine/Lacustrine,Benthic,TRUE,TRUE,TRUE,FASLE,FALSE,Invertivore/Herbivore,TRUE,FALSE,FALSE,TRUE,FALSE,2,FALSE,TRUE,FALSE,Threatened,,,,No,No tolerance data,161071,60,0,1,0,1,1,0,1,1,0,1,0,274,18,43,1000000,0,0,0,0.25,1,0.25,0,0,0,0,0,0,1.5,0,1,0,0,0,0,0,0,0,0,0,0,0,0,0,0,0,0,0,0,0,0,0,0,0,0,-999,-999,1,1,1,1,0,0,0,0,0,0,0,0,1,0,1,1,1,0,1,1,0,0,1,1,0
F0081,Yes,Y,Species,Salvelinus namaycush,lake trout,Salmonidae,Salvelinus,namaycush,,TRUE,FALSE,FALSE,FALSE,FALSE,TRUE,FALSE,FALSE,TRUE,1,Cold,Lacustrine,Benthopelagic,FALSE,TRUE,FALSE,TRUE,FALSE,Invertivore/Carnivore,TRUE,TRUE,FALSE,FALSE,FALSE,3,FALSE,FALSE,TRUE,,M,,FALSE,Yes,Match,162002,175,0,0,1,0,0,0,1,1,0,0,1,125,8,20,11500,0,0,0,0,0,0,0,0,0.5,1,0.5,0,2,0,0,0,0,0,0,0,0,1,0,0,0,0,0,0,0,0,0,0,0,0,0,0,0,0,0,-999,-999,0,0,0,0,1,1,0,0,0,0,1,0,1,1,1,1,1,0,0,1,0,0,1,1,0
F0091,,Y,Species,Coregonus clupeaformis,lake whitefish,Salmonidae,Coregonus,clupeaformis,,TRUE,FALSE,FALSE,FALSE,FALSE,FALSE,FALSE,TRUE,TRUE,3,Cool,Riverine/Lacustrine,Benthic,TRUE,TRUE,TRUE,FASLE,FALSE,Invertivore/Carnivore,TRUE,TRUE,FALSE,FALSE,FALSE,2,FALSE,TRUE,FALSE,Data Deficient,M,,FALSE,Yes,Match,161941,175,0,1,0,1,0,0,1,1,0,1,0,50,6,30,415000,1,0,0,0,0,0,0,0,0,0,0,0.5,1.5,0,0,1,0,0,0,0,0,0,0,0,0,0,0,0,0,0,0,0,0,0,0,0,0,0,0,-999,-999,0,0,0,0,0,0,0,0,0,0,1,0,1,0,1,1,1,0,1,1,0,0,0,1,0
F0010,,,Family,Petromyzontidae,lamprey family,Petromyzontidae,,,,,,,,,,,,,,,,,,,,,,,,,,,,,,,,,,,,,,,,,,,,,,,,,,,,,,,,,,,,,,,,,,,,,,,,,,,,,,,,,,,,,,,,,,,,,,,,,,,,,,,,,,,,,,,,,,,,,,,,
F0317,Yes,Y,Species,Micropterus salmoides,largemouth bass,Centrarchidae,Micropterus,salmoides,,TRUE,FALSE,TRUE,FALSE,FALSE,TRUE,FALSE,FALSE,FALSE,1,Warm,Riverine/Lacustrine,Benthopelagic,TRUE,TRUE,FALSE,TRUE,FALSE,Invertivore/Carnivore,TRUE,TRUE,FALSE,FALSE,FALSE,1,TRUE,FALSE,FALSE,,M,MT,FALSE,Yes,Match,168160,349,0,1,1,0,0,0,1,1,0,0,0,97,2.5,16,109314,0,0,0,0.5,1,1,0.5,0,0,0,0,0,3,0,0,0,0,0,0,0,0,0,0,0,0,0,0,0,1,0,0,0,0,0,0,0,0,0,0,-3.3,32,0,1,1,1,1,0,0,1,0,0,0,0,1,0,1,1,1,0,1,1,0,1,1,0,0
F0340,,N,Species,Etheostoma microperca,least darter,Percidae,Etheostoma,microperca,,TRUE,FALSE,FALSE,FALSE,,FALSE,,,FALSE,3,Warm,Riverine/Lacustrine,Benthic,TRUE,TRUE,TRUE,FASLE,FALSE,Invertivore,TRUE,FALSE,FALSE,FALSE,FALSE,1,TRUE,FALSE,FALSE,Not at Risk,,,,No,No tolerance data,168411,350,0,1,0,0,0,0,1,0,0,0,0,4.4,1,2,900,0,0,0,0.5,1,0.5,0,0,0,0,0,0,2,0,0,0,0,0,1,0,0,0,0,0,0,0,0,0,0,0,0,0,0,0,0,0,0,0,0,-11.7,28.5,1,1,1,1,0,1,0,1,0,0,0,0,1,0,1,0,1,0,0,1,0,1,1,0,0
F0342,Yes,Y,Species,Percina caprodes,logperch,Percidae,Percina,caprodes,,TRUE,FALSE,FALSE,FALSE,FALSE,FALSE,FALSE,TRUE,TRUE,3,Cool,Riverine/Lacustrine,Benthic,TRUE,TRUE,TRUE,FASLE,FALSE,Invertivore,TRUE,FALSE,FALSE,FALSE,FALSE,2,FALSE,TRUE,FALSE,,S,MT,FALSE,Yes,No match,168472,350,0,1,0,0,0,0,1,0,0,1,0,18,1.5,4,3085,0,0,0,1,0.5,0,0,0,0,0,0,0,1.5,0,0,0,0,0,0,0,0,0,1,0,0,0,0,0,0,0,0,0,0,0,0,0,0,0,0,-13.7,28.2,0,0,0,1,1,0,0,0,0,0,0,1,0,0,1,1,1,1,1,1,0,1,0,1,1
F0315,,Y,Species,Lepomis megalotis,longear sunfish,Centrarchidae,Lepomis,megalotis,,TRUE,FALSE,TRUE,FALSE,FALSE,FALSE,FALSE,TRUE,FALSE,3,Warm,,,,,,,,,,,,,,1,TRUE,FALSE,FALSE,,X,,FALSE,Yes,No DO or Turb data,168153,349,0,1,1,0,1,0,1,1,0,1,0,24,2,7,22119,0,0,0,0,0.25,1,1,0.25,0,0,0,0,2.5,0,0,0,0,0,0,0,0,0,0,0,0,0,0,0,1,0,0,0,0,0,0,0,0,0,0,-3.8,32.5,0,0,1,1,1,0,0,1,0,0,0,1,0,0,1,1,1,0,1,1,0,1,1,0,0
F0211,,Y,Species,Rhinichthys cataractae,longnose dace,Cyprinidae,Rhinichthys,cataractae,,TRUE,FALSE,FALSE,TRUE,FALSE,FALSE,TRUE,FALSE,FALSE,2,Cool,Riverine/Lacustrine,Benthic,TRUE,TRUE,TRUE,FASLE,FALSE,Invertivore,TRUE,FALSE,FALSE,FALSE,FALSE,2,FALSE,TRUE,FALSE,,M,,FALSE,Yes,Match,163384,102,0,1,0,1,0,0,1,0,0,1,0,22.5,2.5,5,10000,0,0,0,0.75,1,0.25,0,0,0,0,0,0,2,0,0,0,0,0,0,0,0,0,0,0,0,0,1,0,0,0,0,0,0,0,0,0,0,0,0,-999,-999,0,0,0,0,1,1,1,0,0,0,0,1,0,0,1,1,1,1,1,1,0,1,0,0,1
F0041,Yes,Y,Species,Lepisosteus osseus,longnose gar,Lepisosteidae,Lepisosteus,osseus,,TRUE,FALSE,FALSE,FALSE,FALSE,TRUE,FALSE,FALSE,FALSE,1,Cool,Riverine/Lacustrine,Benthopelagic,TRUE,TRUE,FALSE,TRUE,FALSE,Carnivore,FALSE,TRUE,FALSE,FALSE,FALSE,2,FALSE,TRUE,FALSE,,T,T,FALSE,Yes,Match,161094,62,0,0,1,0,0,0,1,1,0,0,0,200,5,26,77156,0,0,0,0.5,1,0,0,0,0,0,0,0,1.5,0,0,0,0,0,1,0,0,0,0,0,0,0,0,0,0,0,0,0,0,0,0,0,0,0,1,-4.2,32,0,0,0,0,0,0,0,1,0,0,1,0,0,0,1,1,1,0,1,1,0,0,1,0,0
F0162,,Y,Species,Catostomus catostomus,longnose sucker,Catostomidae,Catostomus,catostomus,,TRUE,FALSE,FALSE,FALSE,,FALSE,,,FALSE,,Cold,Riverine/Lacustrine,Benthic,TRUE,TRUE,TRUE,FASLE,FALSE,Invertivore,TRUE,FALSE,FALSE,FALSE,FALSE,3,FALSE,FALSE,TRUE,,,,,No,No tolerance data,163894,105,0,1,0,0,1,0,1,0,0,1,0,64,4,12,60307,0,0,0,0,0,0.75,0.75,0,0,0,0,0,1.5,0,0,1,0,0,0,0,0,0,0,0,0,0,0,0,0,0,0,0,0,0,0,0,0,0,0,-999,-999,0,0,1,1,0,0,0,0,0,0,0,0,0,1,1,0,1,1,0,1,0,1,1,1,0
F0206,,Y,Species,Notropis volucellus,mimic shiner,Cyprinidae,Notropis,volucellus,,TRUE,FALSE,FALSE,TRUE,TRUE,FALSE,TRUE,FALSE,FALSE,2,Cool,Riverine/Lacustrine,Benthopelagic,TRUE,TRUE,FALSE,TRUE,FALSE,Invertivore/Herbivore,TRUE,FALSE,FALSE,TRUE,FALSE,2,FALSE,TRUE,FALSE,,M,MI,TRUE,Yes,Match,163421,102,0,1,1,1,1,1,1,0,0,0,0,7.6,1,3,1000,0,0,0.25,1,1,1,1,1,1,0.25,0,0,6.5,0,0,0,0,0,1,0,0,0,0,0,0,0,0,0,0,0,0,0,0,0,0,0,0,0,0,-9.5,30,0,1,1,1,0,0,0,0,0,0,0,1,0,0,0,1,1,0,1,1,0,0,1,0,0
F0180,,Y,Family,Cyprinidae,minnow family,Cyprinidae,,,,FALSE,FALSE,FALSE,FALSE,FALSE,FALSE,FALSE,FALSE,FALSE,0,,,,,,,,,,,,,,,0,FALSE,FALSE,FALSE,,,,FALSE,Yes,No DO or Turb data,,,,,,,,,,,,,,,,,,,,,,,,,,,,,,,,,,,,,,,,,,,,,,,,,,,,,,,,,,,,,,,,,,,,,,,,,,,,,,,,,,,
F0152,,N,Species,Hiodon tergisus,mooneye,Hiodontidae,Hiodon,tergisus,,TRUE,FALSE,FALSE,FALSE,,FALSE,,,TRUE,,Cool,Riverine/Lacustrine,Pelagic,TRUE,TRUE,FALSE,FALSE,TRUE,Invertivore,TRUE,FALSE,FALSE,FALSE,FALSE,2,FALSE,TRUE,FALSE,,,,,No,No tolerance data,161906,64,0,1,1,0,0,0,1,0,0,0,0,47,2.5,8,20000,0,0,0,1,1,0,0,0,0,0,0,0,2,0,1,0,0,0,0,0,0,0,0,0,0,0,0,0,0,0,0,0,0,0,0,0,0,0,0,-7.6,30.9,0,0,0,1,1,0,0,0,0,0,0,1,0,0,1,1,0,0,1,1,0,0,1,0,0
F0381,,Y,Species,Cottus bairdii,mottled sculpin,Cottidae,Cottus,bairdii,,TRUE,FALSE,FALSE,FALSE,FALSE,FALSE,FALSE,TRUE,FALSE,3,Cool,Riverine/Lacustrine,Benthic,TRUE,TRUE,TRUE,FASLE,FALSE,Invertivore,TRUE,FALSE,FALSE,FALSE,FALSE,2,FALSE,TRUE,FALSE,,X,,FALSE,Yes,No DO or Turb data,167237,320,0,1,1,0,1,0,1,1,0,1,0,15,2,6,176,0,0,0.75,0.5,0,0,0,0,0,0,0,0,1.25,0,0,0,0,0,0,0,0,0,0,0,0,0,0,0,0,0,0,0,0,0,1,0,0,0,0,-999,-999,-555,0,0,1,1,1,0,1,0,0,0,1,0,0,1,0,1,1,0,1,0,1,0,0,1
F0132,,N,Species,Esox masquinongy,muskellunge,Esocidae,Esox,masquinongy,,TRUE,FALSE,FALSE,FALSE,FALSE,TRUE,FALSE,FALSE,FALSE,1,Warm,Riverine/Lacustrine,Benthopelagic,TRUE,TRUE,FALSE,TRUE,FALSE,Carnivore,FALSE,TRUE,FALSE,FALSE,FALSE,1,TRUE,FALSE,FALSE,,M,,FALSE,Yes,Match,162144,176,0,0,1,0,0,0,1,1,0,0,0,183,4,30,225000,0,0,0,0.5,0.75,0,0,0,0,0,0,0,1.25,0,0,0,0,0,1,0,0,0,0,0,0,0,0,0,0,0,0,0,0,0,0,0,0,0,0,-9.4,27.1,0,0,0,1,1,1,0,0,1,1,0,0,0,1,1,1,1,0,1,0,0,0,1,0,0
F0283,,N,Species,Pungitius pungitius,ninespine stickleback,Gasterosteidae,Pungitius,pungitius,,TRUE,FALSE,FALSE,FALSE,,FALSE,,,FALSE,,Cool,Riverine/Lacustrine,Benthopelagic,TRUE,TRUE,FALSE,TRUE,FALSE,Planktivore,FALSE,FALSE,FALSE,FALSE,TRUE,2,FALSE,TRUE,FALSE,,,,,No,No tolerance data,166387,291,0,1,1,0,0,0,1,1,0,0,0,9,1.5,5,350,0,0,0,0,1,1,1,0,0,0,0,0,3,0,0,0,0,0,0,0,0,0,0,0,0,0,0,0,0,0,0,1,0,0,0,0,0,0,1,-999,-999,1,1,1,0,0,0,0,1,0,0,0,0,1,1,1,1,0,0,0,0,0,1,1,0,0
F0012,No,N,Species,Ichthyomyzon fossor,northern brook lamprey,Petromyzontidae,Icthyomyzon,fossor,,TRUE,FALSE,FALSE,FALSE,,FALSE,,,FALSE,,Cool,Riverine,Benthic,TRUE,FALSE,TRUE,FALSE,FALSE,Herbivore,FALSE,FALSE,FALSE,TRUE,FALSE,2,FALSE,TRUE,FALSE,Special concern,,,,,,,,,,,,,,,,,,,,,,,,,,,,,,,,,,,,,,,,,,,,,,,,,,,,,,,,,,,,,,,,,,,,,,,,,,,,,,,,,,,,,,,,
F0165,,Y,Species,Hypentelium nigricans,northern hog sucker,Catostomidae,Hypentelium,nigricans,,TRUE,FALSE,FALSE,FALSE,TRUE,FALSE,FALSE,TRUE,FALSE,2,Cool,Riverine,Benthic,TRUE,FALSE,TRUE,FASLE,FALSE,Invertivore/Herbivore,TRUE,FALSE,FALSE,TRUE,FALSE,2,FALSE,TRUE,FALSE,,S,,TRUE,Yes,Match,163949,105,0,1,0,1,1,1,1,0,0,1,0,61,3,11,30000,0,0,0,1,0.5,0,0,0,0,0,0,0,1.5,0,0,1,0,0,0,0,0,0,0,0,0,0,0,0,0,0,0,0,0,0,0,0,0,0,0,-8.1,29.3,0,0,0,1,1,1,1,0,0,0,0,1,0,0,0,0,1,1,1,1,0,1,0,1,1
F0214,,Y,Species,Margariscus nactriebi,northern pearl dace,Cyprinidae,Margariscus,nachtriebi,"Is this maybe Northern Pearl Dace (Margariscus nachtriebi)? Used Northern Pearl Dace info from OFFLHD and Freshwater fish of Ontario, NO species code for Northern Pearl Dace in MNR database",TRUE,FALSE,FALSE,TRUE,,FALSE,,,FALSE,,Cool,Riverine/Lacustrine,Benthopelagic,TRUE,TRUE,FALSE,TRUE,FALSE,Invertivore/Carnivore,TRUE,TRUE,FALSE,FALSE,FALSE,2,FALSE,TRUE,FALSE,,,,,No,No tolerance data,163873,102,0,1,1,1,0,1,1,1,0,0,0,16,2,4,4240,0,0,0,0.5,0.5,0,0,0,0,0,0,0,1,0,0,0,1,0,0,0,0,0,0,0,0,0,0,0,0,0,0,0,0,0,0,0,0,0,0,-999,-999,1,1,1,1,1,1,1,1,0,0,0,1,0,0,0,0,1,0,0,1,0,1,1,0,0
F0131,Yes,Y,Species,Esox lucius,northern pike,Esocidae,Esox,lucius,,TRUE,FALSE,FALSE,FALSE,FALSE,TRUE,FALSE,FALSE,FALSE,1,Cool,Riverine/Lacustrine,Benthopelagic,TRUE,TRUE,FALSE,TRUE,FALSE,Carnivore,FALSE,TRUE,FALSE,FALSE,FALSE,2,FALSE,TRUE,FALSE,,M,MT,FALSE,Yes,Match,162139,176,0,0,1,0,0,0,1,1,0,0,0,150,2,30,600000,0,0,0.5,0.5,0,0,0,0,0,0,0,0,1,0,0,0,0,0,0,1,0,0,0,0,0,0,0,0,0,0,0,0,0,0,0,0,0,0,0,-999,-999,1,1,1,1,1,1,0,1,1,0,0,0,0,1,1,1,1,0,1,0,0,0,1,0,0
F0182,,N,Species,Chrosomus eos,northern redbelly dace,Cyprinidae,Chrosomus,eos,,TRUE,FALSE,FALSE,TRUE,,FALSE,,,FALSE,3,Cool,Riverine/Lacustrine,Benthopelagic,TRUE,TRUE,FALSE,TRUE,FALSE,Planktivore/Invertivore,TRUE,FALSE,FALSE,FALSE,TRUE,2,FALSE,TRUE,FALSE,,,,,No,No tolerance data,163592,102,0,1,1,1,0,0,1,0,0,0,0,8,1.5,3,800,0,0,0,0,0.5,1,1,0.5,0,0,0,0,3,0,0,0,0,0,0,1,0,0,0,0,0,0,0,0,0,0,0,0,0,0,0,0,0,0,0,-999,-999,1,1,1,1,1,1,0,0,1,0,0,0,0,0,1,1,1,0,0,0,0,1,1,0,0
F0330,,,Family,Percidae,perches and darters,Percidae,,,,,,,,,,,,,,,,,,,,,,,,,,,,,,,,,,,,,,,,,,,,,,,,,,,,,,,,,,,,,,,,,,,,,,,,,,,,,,,,,,,,,,,,,,,,,,,,,,,,,,,,,,,,,,,,,,,,,,,,
F0071,,N,Species,Oncorhynchus gorbuscha,pink salmon,Salmonidae,Oncorhynchus,gorbuscha,,FALSE,TRUE,FALSE,FALSE,,FALSE,,,TRUE,,Cold,Lacustrine,Pelagic,FALSE,TRUE,FALSE,FALSE,TRUE,Invertivore,TRUE,FALSE,FALSE,FALSE,FALSE,3,FALSE,FALSE,TRUE,,,,,No,No tolerance data,161975,175,0,0,1,0,0,0,1,1,0,0,0,76,2.5,3,1900,0,0,0,0,0,0,0.5,1,1,0.5,0,0,3,0,0,0,0,0,0,0,0,1,0,0,0,0,0,0,0,0,0,0,0,0,0,0,0,0,1,-555,-555,0,0,0,1,0,0,0,0,0,0,1,1,0,1,0,1,1,0,1,1,0,0,1,1,1
F01301,,N,Species,Aphredoderus sayanus,pirate perch,Aphredoderidae,Aphredoderus,sayanus,"native to L Ont tributaries on the US shore of the lake, New york department of environtmental conservation, mdc.mo.gov",TRUE,FALSE,FALSE,FALSE,,FALSE,,,FALSE,,Warm,Riverine/Lacustrine,Benthopelagic,TRUE,TRUE,FALSE,TRUE,FALSE,Invertivore/Carnivore,TRUE,TRUE,FALSE,FALSE,FALSE,1,TRUE,FALSE,FALSE,,,,,No,No tolerance data,164405,210,0,1,1,0,0,0,1,1,0,0,0,14,2,4,160,1,1,1,0,0,0,0,0,0,0,0,0,3,0,0,0,0,0,0,0,0,0,0,0,0,0,0,0,0,0,0,0,0,0,0,0,0,1,0,-2.5,31.8,0,0,1,0,0,0,0,1,1,1,0,0,1,0,1,1,1,0,1,1,0,1,1,0,0
F0195,,Y,Species,Notropis anogenus,pugnose shiner,Cyprinidae,Notropis,anogenus,,TRUE,FALSE,FALSE,TRUE,TRUE,FALSE,FALSE,TRUE,FALSE,2,Warm,Riverine/Lacustrine,Benthopelagic,TRUE,TRUE,FALSE,TRUE,FALSE,Detritivore,FALSE,FALSE,TRUE,FALSE,FALSE,1,TRUE,FALSE,FALSE,Threatened,S,,TRUE,Yes,Match,163424,102,0,0,1,1,1,0,1,0,0,0,0,6,3,3,1275,0,0,0,0,0.5,1,1,0,0,0,0,0,2.5,0,0,1,0,0,0,0,0,0,0,0,0,0,0,0,0,0,0,0,0,0,0,0,0,0,0,-14.4,28.2,1,1,1,0,0,0,0,1,0,0,0,0,1,0,1,1,0,0,1,1,0,1,1,1,0
F0313,Yes,Y,Species,Lepomis gibbosus,pumpkinseed,Centrarchidae,Lepomis,gibbosus,,TRUE,FALSE,TRUE,FALSE,FALSE,FALSE,FALSE,TRUE,FALSE,3,Warm,Riverine/Lacustrine,Benthopelagic,TRUE,TRUE,FALSE,TRUE,FALSE,Invertivore/Carnivore,TRUE,TRUE,FALSE,FALSE,FALSE,1,TRUE,FALSE,FALSE,,M,MT,FALSE,Yes,Match,168144,349,0,1,1,0,1,0,1,1,0,1,0,40,2,8,14000,0,0,0,1,1,1,1,1,1,1,0,0,7,0,0,0,0,0,0,0,0,0,0,0,0,0,0,0,1,0,0,0,0,0,0,0,0,0,0,-7.4,28.6,1,1,1,1,0,0,0,1,1,1,0,1,0,0,1,1,1,0,1,1,0,1,1,0,0
F0702,Yes,Y,Hybrid,Lepomis gibbosus X Lepomis macrochirus,pumpkinseed x bluegill,Centrarchidae,Lepomis,gibbosus x macrochir,,TRUE,FALSE,TRUE,FALSE,FALSE,FALSE,FALSE,TRUE,FALSE,3,Warm,,,,,,,,,,,,,,1,TRUE,FALSE,FALSE,,,,FALSE,Yes,No DO or Turb data,,,,,,,,,,,,,,,,,,,,,,,,,,,,,,,,,,,,,,,,,,,,,,,,,,,,,,,,,,,,,,,,,,,,,,,,,,,,,,,,,,,
F0161,,Y,Species,Carpiodes cyprinus,quillback,Catostomidae,Carpiodes,cyprinus,,TRUE,FALSE,FALSE,FALSE,FALSE,FALSE,TRUE,FALSE,FALSE,2,Warm,Riverine/Lacustrine,Benthic,TRUE,TRUE,TRUE,FASLE,FALSE,Invertivore/Detritivore,TRUE,FALSE,TRUE,FALSE,FALSE,1,TRUE,FALSE,FALSE,,M,T,FALSE,Yes,Match,163917,105,0,1,0,1,1,1,1,0,0,0,0,66,4,10,63779,0,0,0,0.25,0.75,0,0,0,0,0,0,0,1,0,0,0,0,0,1,0,0,0,0,0,0,0,0,0,0,0,0,0,0,0,0,0,0,0,0,-11.7,29.6,0,0,1,1,1,1,1,0,0,0,0,0,0,0,1,1,1,0,1,1,0,0,1,1,0
F0337,,N,Species,Etheostoma caeruleum,rainbow darter,Percidae,Etheostoma,caeruleum,,TRUE,FALSE,FALSE,FALSE,TRUE,FALSE,FALSE,TRUE,FALSE,3,Cool,Riverine,Benthic,TRUE,FALSE,TRUE,FASLE,FALSE,Invertivore,TRUE,FALSE,FALSE,FALSE,FALSE,2,FALSE,TRUE,FALSE,,S,,TRUE,Yes,Match,168378,350,0,1,0,0,0,0,1,0,0,1,0,7.7,1,4,1462,0,0,0,1,1,1,0,0,0,0,0,0,3,0,0,0,0,0,0,0,0,1,0,0,0,0,0,0,0,0,0,0,0,0,0,0,0,0,0,-7.8,29.8,0,0,1,1,1,0,0,0,0,0,0,1,0,0,0,0,1,0,1,1,0,1,0,1,1
F0121,Yes,Y,Species,Osmerus mordax,rainbow smelt,Osmeridae,Osmerus,mordax,,FALSE,TRUE,FALSE,FALSE,FALSE,FALSE,FALSE,TRUE,TRUE,3,Cool,Lacustrine,Pelagic,FALSE,TRUE,FALSE,FALSE,TRUE,Invertivore/Carnivore,TRUE,TRUE,FALSE,FALSE,FALSE,2,FALSE,TRUE,FALSE,,M,,FALSE,Yes,Match,162041,172,0,1,1,0,0,0,1,1,0,0,0,35.6,2.5,5,75000,0,0,1,1,0,0,0,0,0,0,0,0,2,0,1,0,0,0,0,0,0,0,0,0,0,0,0,0,0,0,0,0,0,0,0,0,0,0,1,-999,-999,0,0,0,1,1,0,0,0,-555,0,0,0,1,1,1,1,0,0,1,1,0,1,1,1,0
F0076,Yes,Y,Species,Oncorhynchus mykiss,rainbow trout,Salmonidae,Oncorhynchus,mykiss,,FALSE,TRUE,FALSE,FALSE,FALSE,FALSE,FALSE,TRUE,TRUE,3,Cold,Riverine/Lacustrine,Benthopelagic,TRUE,TRUE,FALSE,TRUE,FALSE,Invertivore/Carnivore,TRUE,TRUE,FALSE,FALSE,FALSE,3,FALSE,FALSE,TRUE,,M,,FALSE,Yes,Match,161989,175,0,1,1,0,0,0,1,1,0,1,0,120,4,7,27000,1,1,0,0,0,0,0,0,0,0,1,1,4,0,0,0,0,0,0,0,0,1,0,0,0,0,0,0,0,0,0,0,0,0,0,0,0,0,0,-999,-999,0,0,0,1,1,0,0,0,0,0,1,1,0,0,1,0,1,1,1,1,0,1,0,1,1
F0177,Yes,Y,Family,Moxostoma sp,redhorse,Catostomidae,Moxostoma,,,TRUE,FALSE,FALSE,FALSE,FALSE,FALSE,FALSE,TRUE,FALSE,3,Cool,,,,,,,,,,,,,,2,FALSE,TRUE,FALSE,,,,FALSE,Yes,No DO or Turb data,,,,,,,,,,,,,,,,,,,,,,,,,,,,,,,,,,,,,,,,,,,,,,,,,,,,,,,,,,,,,,,,,,,,,,,,,,,,,,,,,,,
F0184,,N,Species,Clinostomus elongatus,redside dace,Cyprinidae,Clinostomus,elongatus,,TRUE,FALSE,FALSE,TRUE,,,,,FALSE,,Cool,Riverine,Benthopelagic,TRUE,FALSE,FALSE,TRUE,FALSE,Invertivore,TRUE,FALSE,FALSE,FALSE,FALSE,2,FALSE,TRUE,FALSE,Endangered,,,,No,No tolerance data,163373,102,0,1,1,0,0,0,1,0,0,0,0,12,2,4,1526,0,0,0,0,1,0,0,0,0,0,0,0,1,0,0,0,0,0,0,0,0,1,0,0,0,0,0,0,0,0,0,0,0,0,0,0,0,0,0,-555,-555,0,0,0,1,1,0,0,0,0,0,0,1,0,0,0,0,1,0,0,1,0,1,1,1,0
F0193,,Y,Species,Nocomis micropogon,river chub,Cyprinidae,Nocomis,micropogon,,TRUE,FALSE,FALSE,TRUE,FALSE,FALSE,FALSE,TRUE,FALSE,3,Cool,Riverine,Benthopelagic,TRUE,FALSE,FALSE,TRUE,FALSE,Planktivore/Invertivore,TRUE,FALSE,FALSE,FALSE,TRUE,2,FALSE,TRUE,FALSE,Not at Risk,S,,FALSE,Yes,No match,163392,102,0,1,1,1,1,0,1,1,0,0,0,32,2,5,1000,0,0,0,0,1,0.5,0,0,0,0,0,0,1.5,0,0,0,0,0,0,0,0,1,0,0,0,0,0,0,0,0,0,0,0,0,0,0,0,0,0,-7.1,29.2,0,0,1,1,1,1,0,0,0,0,0,1,0,0,0,0,1,1,1,1,0,0,1,1,0
F0345,,,Species,"Percina shumardi
Percina shumardi
Percina shumardi
Percina shumardi",river darter,Percidae,Percina,shumardi,,TRUE,FALSE,FALSE,FALSE,,,,,,,Warm,Riverine/Lacustrine,Benthic,TRUE,TRUE,TRUE,FALSE,FALSE,Invertivore,TRUE,FALSE,FALSE,FALSE,FALSE,1,TRUE,FALSE,FALSE,,,,,,,,,,,,,,,,,,,,,,,,,,,,,,,,,,,,,,,,,,,,,,,,,,,,,,,,,,,,,,,,,,,,,,,,,,,,,,,,,,,,,,,,,
F0173,,Y,Species,Moxostoma carinatum,river redhorse,Catostomidae,Moxostoma,carinatum,,TRUE,FALSE,FALSE,FALSE,FALSE,FALSE,FALSE,TRUE,FALSE,3,Cool,Riverine,Benthic,TRUE,FALSE,TRUE,FASLE,FALSE,Invertivore,TRUE,FALSE,FALSE,FALSE,FALSE,2,FALSE,TRUE,FALSE,Special Concern,S,,FALSE,Yes,No match,163936,105,0,1,0,0,0,0,1,0,0,0,0,77,3,10,23085,0,0,0,0.75,1,0,0,0,0,0,0,0,1.75,0,0,1,0,0,0,0,0,0,0,0,0,0,0,0,0,0,0,0,0,0,0,0,0,0,0,-4.3,32.6,0,0,0,1,1,1,0,0,0,0,0,1,0,0,0,1,1,1,1,1,0,0,0,1,0
F0311,Yes,Y,Species,Ambloplites rupestris,rock bass,Centrarchidae,Ambloplites,rupestris,,TRUE,FALSE,TRUE,FALSE,TRUE,FALSE,FALSE,TRUE,FALSE,3,Warm,Riverine/Lacustrine,Benthopelagic,TRUE,TRUE,FALSE,TRUE,FALSE,Invertivore/Carnivore,TRUE,TRUE,FALSE,FALSE,FALSE,1,TRUE,FALSE,FALSE,,M,MT,FALSE,Yes,No match,168097,349,0,1,1,0,0,0,1,1,0,0,0,43,3,8,11000,0,0,0,1,1,1,0,0,0,0,0,0,3,0,0,0,0,0,0,0,0,0,0,0,0,0,0,0,1,0,0,0,0,0,0,0,0,0,0,-9.5,28.7,1,0,0,1,1,0,0,1,1,1,0,1,0,0,1,1,1,1,1,1,0,1,1,0,0
F0202,,Y,Species,Notropis rubellus,rosyface shiner,Cyprinidae,Notropis,rubellus,,TRUE,FALSE,FALSE,TRUE,,FALSE,,,FALSE,,Warm,Riverine,Benthopelagic,TRUE,FALSE,FALSE,TRUE,FALSE,Invertivore/Detritivore/Herbivore,TRUE,FALSE,TRUE,TRUE,FALSE,1,TRUE,FALSE,FALSE,Not at Risk,,,,No,No tolerance data,163409,102,0,1,1,1,0,1,1,1,0,1,0,9,1.5,3,1500,0,0,1,1,1,0,0,0,0,0,0,0,3,0,0,0,0,0,0,0,0,1,0,0,0,0,0,0,0,0,0,0,0,0,0,0,0,0,0,-8.6,29.3,0,0,1,1,0,0,0,0,0,0,0,1,0,0,0,0,1,1,1,1,0,1,0,1,1
F0366,Yes,Y,Species,Neogobius melanostomus,round goby,Gobiidae,Neogobius,melanostomus,,FALSE,TRUE,FALSE,FALSE,FALSE,FALSE,TRUE,FALSE,FALSE,2,Cool,Riverine/Lacustrine,Benthic,TRUE,TRUE,TRUE,FASLE,FALSE,Invertivore,TRUE,FALSE,FALSE,FALSE,FALSE,2,FALSE,TRUE,FALSE,,M,MT,FALSE,Yes,Match,172072,460,0,1,0,0,0,0,1,1,0,1,0,24.6,3,4,1000,0,0,0,1,1,1,1,1,1,0,0,0,6,0,0,0,0,0,0,0,0,0,0,0,0,0,0,0,0,0,0,0,0,0,0,0,1,0,0,-1,-1,0,0,0,0,1,0,0,0,0,0,0,0,1,0,1,1,0,0,0,0,0,0,0,0,0
F0102,,N,Species,Prosopium cylindraceum,round whitefish,Salmonidae,Prosopium,cylindraceum,,TRUE,FALSE,FALSE,FALSE,,FALSE,,,TRUE,,Cold,Riverine/Lacustrine,Benthopelagic,TRUE,TRUE,FALSE,TRUE,FALSE,Invertivore/Carnivore,TRUE,TRUE,FALSE,FALSE,FALSE,3,FALSE,FALSE,TRUE,,,,,No,No tolerance data,162008,175,0,1,0,0,0,0,1,0,0,0,0,55,4,13,11888,0,0,0,0,0,0,0,0,0,0,1,0.5,1.5,0,0,1,0,0,0,0,0,0,0,0,0,0,0,0,0,0,0,0,0,0,0,0,0,0,1,-555,-555,0,1,1,1,0,0,0,0,0,0,0,1,0,1,1,1,1,0,0,1,0,1,1,1,1
F0220,Yes,Y,Species,Scardinius erythrophthalmus,rudd,Cyprinidae,Scardinius,erythrophthalmus,,FALSE,TRUE,FALSE,TRUE,FALSE,FALSE,TRUE,FALSE,FALSE,2,Cool,Riverine/Lacustrine,Benthopelagic,TRUE,TRUE,FALSE,TRUE,FALSE,Invertivore/Herbivore,TRUE,FALSE,FALSE,TRUE,FALSE,2,FALSE,TRUE,FALSE,,T,,FALSE,Yes,Match,163613,102,0,0,0,0,1,0,1,0,0,0,0,51,2,19,60000,0,0,0,0,1,1,0,0,0,0,0,0,2,0,0,0,0,0,0,1,0,0,0,0,0,0,0,0,0,0,0,0,0,0,0,0,0,0,1,-1,-1,1,1,1,0,0,0,0,1,1,0,0,0,1,1,1,1,0,0,1,1,0,1,1,0,0
F0204,,N,Species,Notropis stramineus,sand shiner,Cyprinidae,Notropis,stramineus,,TRUE,FALSE,FALSE,TRUE,FALSE,FALSE,FALSE,TRUE,FALSE,3,Warm,Riverine/Lacustrine,Benthopelagic,TRUE,TRUE,FALSE,TRUE,FALSE,Invertivore/Detritivore,TRUE,FALSE,TRUE,FALSE,FALSE,1,TRUE,FALSE,FALSE,,M,MT,FALSE,Yes,Match,163419,102,0,1,1,1,1,1,1,0,0,0,0,8.1,1,3,2660,0,0,0,0,1,1,1,1,0,0,0,0,4,0,0,0,0,0,0,0,1,0,0,0,0,0,0,0,0,0,0,0,0,0,0,0,0,0,0,-11.4,30.1,0,0,1,1,0,0,0,0,0,0,0,1,0,0,0,1,1,0,1,1,0,1,0,1,1
F0014,Yes,Y,Species,Petromyzon marinus,sea lamprey,Petromyzontidae,Petromyzon,marinus,,FALSE,TRUE,FALSE,FALSE,FALSE,FALSE,FALSE,TRUE,TRUE,3,Cold,Lacustrine,Benthopelagic,FALSE,TRUE,FALSE,TRUE,FALSE,Herbivore/Detritivore,FALSE,FALSE,TRUE,TRUE,FALSE,3,FALSE,FALSE,TRUE,,M,,FALSE,Yes,Match,159722,2,0,0,1,0,0,0,0,0,1,0,0,120,5,8,304830,0,0,0.25,1,0,0,0,0,0,0,0,0,1.25,0,0,0,0,0,0,0,0,0,1,0,0,0,0,0,0,0,0,0,0,0,0,0,0,0,1,-9.3,27.1,1,1,1,0,0,0,0,0,0,0,0,1,0,0,1,1,1,0,1,1,0,0,1,1,1
F0171,Yes,Y,Species,Moxostoma macrolepidotum,shorthead redhorse,Catostomidae,Moxostoma,macrolepidotum,,TRUE,FALSE,FALSE,FALSE,FALSE,FALSE,FALSE,TRUE,FALSE,3,Cool,Riverine/Lacustrine,Benthic,TRUE,TRUE,TRUE,FASLE,FALSE,Invertivore,TRUE,FALSE,FALSE,FALSE,FALSE,2,FALSE,TRUE,FALSE,,M,MI,TRUE,Yes,Match,163928,105,0,1,0,1,0,1,1,0,0,0,0,75,3.5,12,44000,0,0,0,0.75,0.5,0,0,0,0,0,0,0,1.25,0,0,1,0,0,0,0,0,0,0,0,0,0,0,0,0,0,0,0,0,0,0,0,0,0,0,-18.6,26.9,0,1,1,1,1,0,1,0,0,0,0,1,0,0,1,1,1,0,1,1,0,0,1,1,1
F0191,,N,Species,Macrhybopsis storeriana,silver chub,Cyprinidae,Macrhybopsis,storeriana,,TRUE,FALSE,FALSE,TRUE,,FALSE,,,FALSE,,Cool,Riverine/Lacustrine,Benthic,TRUE,TRUE,TRUE,FASLE,FALSE,Planktivore/Invertivore,TRUE,FALSE,FALSE,FALSE,TRUE,2,FALSE,TRUE,FALSE,,,,,No,No tolerance data,163870,102,0,1,0,0,1,0,1,1,0,0,0,23,2,4,10000,0,0,0,0,1,0,0,0,0,0,0,0,1,0,0,0,0,0,1,0,0,0,0,0,0,0,0,0,0,0,0,0,0,0,0,0,0,0,0,-7.1,31.9,1,1,1,0,0,0,0,0,0,0,0,1,0,0,0,1,1,0,1,1,0,0,1,1,0
F0013,,N,Species,Ichthyomyzon unicuspis,silver lamprey,Petromyzontidae,Ichthyomyzon,unicuspis,,TRUE,FALSE,FALSE,FALSE,FALSE,FALSE,FALSE,TRUE,FALSE,1,Warm,Riverine/Lacustrine,Benthopelagic,TRUE,TRUE,FALSE,TRUE,FALSE,Herbivore/Carnivore,FALSE,TRUE,FALSE,TRUE,FALSE,1,TRUE,FALSE,FALSE,Special Concern,M,,FALSE,Yes,Match,159730,2,0,0,1,0,0,0,0,0,1,0,0,39,6,7,19000,0,0,0,1,1,1,0,0,0,0,0,0,3,0,0,0,0,0,0,0,0,0,1,0,0,0,0,0,0,0,0,0,0,0,0,0,0,0,0,-999,-999,1,1,1,1,0,0,0,0,0,0,0,1,0,0,1,1,1,0,1,0,0,0,1,1,1
F0168,Yes,Y,Species,Moxostoma anisurum,silver redhorse,Catostomidae,Moxostoma,anisurum,,TRUE,FALSE,FALSE,FALSE,FALSE,FALSE,FALSE,TRUE,FALSE,3,Cool,Riverine/Lacustrine,Benthic,TRUE,TRUE,TRUE,FASLE,FALSE,Invertivore,TRUE,FALSE,FALSE,FALSE,FALSE,2,FALSE,TRUE,FALSE,,M,MI,TRUE,Yes,Match,163933,105,0,1,1,0,1,1,1,1,0,0,0,74,6,12,36000,0,0,1,0.25,0,0,0,0,0,0,0,0,1.25,0,0,1,0,0,0,0,0,0,0,0,0,0,0,0,0,0,0,0,0,0,0,0,0,0,0,-999,-999,0,1,1,1,1,1,1,0,0,0,0,1,0,1,1,1,1,1,1,1,0,0,1,1,0
F0215,,N,Species,Notropis photogenis,silver shiner,Cyprinidae,Notropis,photogenis,,TRUE,FALSE,FALSE,TRUE,,FALSE,,,FALSE,,Warm,Riverine,Benthopelagic,TRUE,FALSE,FALSE,TRUE,FALSE,Planktivore/Invertivore,TRUE,FALSE,FALSE,FALSE,TRUE,1,TRUE,FALSE,FALSE,Threatened,,,,No,No tolerance data,163461,102,0,1,1,1,0,0,1,0,0,0,0,14,2,3,4500,0,0,0,0.25,1,0,0,0,0,0,0,0,1.25,1,0,0,0,0,0,0,0,0,0,0,0,0,0,0,0,0,0,0,0,0,0,0,0,0,0,-5.9,29.9,0,0,0,0,1,1,0,0,1,0,0,1,0,0,0,0,1,0,1,1,0,0,1,1,0
F0382,,Y,Species,Cottus cognatus,slimy sculpin,Cottidae,Cottus,cognatus,,TRUE,FALSE,FALSE,FALSE,FALSE,FALSE,FALSE,TRUE,FALSE,3,Cold,Riverine/Lacustrine,Benthic,TRUE,TRUE,TRUE,FASLE,FALSE,Invertivore,TRUE,FALSE,FALSE,FALSE,FALSE,3,FALSE,FALSE,TRUE,,S,,FALSE,Yes,No match,167232,320,0,1,0,0,1,0,1,1,0,0,0,12.1,3,7,1420,0,0,0,0.5,0,0,0,0,0,0,0,0,0.5,0,0,0,0,0,0,0,0,0,0,0,0,0,0,0,0,0,0,0,0,0,1,0,0,0,0,-555,-555,0,1,1,1,1,1,1,1,0,0,0,1,0,0,1,0,1,1,0,1,1,1,0,0,1
F0316,Yes,Y,Species,Micropterus dolomieu,smallmouth bass,Centrarchidae,Micropterus,dolomieu,,TRUE,FALSE,TRUE,FALSE,FALSE,TRUE,FALSE,FALSE,FALSE,1,Warm,Riverine/Lacustrine,Benthopelagic,TRUE,TRUE,FALSE,TRUE,FALSE,Invertivore/Carnivore,TRUE,TRUE,FALSE,FALSE,FALSE,1,TRUE,FALSE,FALSE,,M,MT,FALSE,Yes,Match,550562,349,0,1,1,0,0,0,1,1,0,0,0,69,3.5,15,27000,0,0,0,1,1,0.25,0,0,0,0,0,0,2.25,0,0,0,0,0,0,0,0,0,0,0,0,0,0,0,1,0,0,0,0,0,0,0,0,0,0,-8,28.3,0,0,0,1,1,0,0,0,0,0,0,1,0,0,0,1,1,1,1,1,0,1,0,1,0
F0203,,Y,Species,Cyprinella spiloptera,spotfin shiner,Cyprinidae,Cyprinella,spiloptera,,TRUE,FALSE,FALSE,TRUE,FALSE,FALSE,FALSE,TRUE,FALSE,3,Warm,Riverine,Benthopelagic,TRUE,FALSE,FALSE,TRUE,FALSE,Invertivore/Herbivore,TRUE,FALSE,FALSE,TRUE,FALSE,1,TRUE,FALSE,FALSE,,M,T,FALSE,Yes,Match,163803,102,0,1,1,0,1,1,1,1,0,0,0,12,2,5,7474,0,0,0,0,0.25,1,1,0.5,0,0,0,0,2.75,0,0,0,0,0,0,0,0,0,0,0,0,1,0,0,0,0,0,0,0,0,0,0,0,0,0,-8.7,29.8,0,0,1,1,1,0,0,0,0,0,0,1,0,0,0,0,1,0,1,1,0,0,0,1,0
F0201,Yes,Y,Species,Notropis hudsonius,spottail shiner,Cyprinidae,Notropis,hudsonius,,TRUE,FALSE,FALSE,TRUE,TRUE,FALSE,FALSE,TRUE,FALSE,3,Cool,Riverine/Lacustrine,Benthopelagic,TRUE,TRUE,FALSE,TRUE,FALSE,Planktivore/Invertivore,TRUE,FALSE,FALSE,FALSE,TRUE,2,FALSE,TRUE,FALSE,,M,T,FALSE,Yes,No match,163404,102,0,1,1,1,0,0,1,1,0,1,0,15,1.5,4.5,3709,0,0,0,0.25,1,0,0,0,0,0,0,0,1.25,0,0,0,1,0,0,0,0,0,0,0,0,0,0,0,0,0,0,0,0,0,0,0,0,0,0,-999,-999,0,0,1,0,0,0,0,0,0,0,0,0,0,0,1,1,1,1,1,1,0,1,1,0,0
F0042,,N,Species,Lepisosteus oculatus,spotted gar,Lepisosteidae,Lepisosteus,oculatus,,TRUE,FALSE,FALSE,FALSE,,TRUE,FALSE,FALSE,FALSE,1,Warm,Riverine/Lacustrine,Benthopelagic,TRUE,TRUE,FALSE,TRUE,FALSE,Carnivore,FALSE,TRUE,FALSE,FALSE,FALSE,1,TRUE,FALSE,FALSE,Endangered,,,,No,No tolerance data,161095,62,0,0,1,0,0,0,1,1,0,0,0,112,3.5,18,22000,0,1,1,1,1,1,0,0,0,0,0,0,5,0,0,0,0,0,0,1,0,0,0,0,0,0,0,0,0,0,0,0,0,0,0,0,0,0,1,-0.1,33.6,0,0,0,0,0,0,0,1,0,0,0,0,0,0,1,1,0,0,1,1,0,0,1,0,0
F0235,,Y,Species,Noturus flavus,stonecat,Ictaluridae,Noturus,flavus,,TRUE,FALSE,FALSE,FALSE,FALSE,FALSE,TRUE,FALSE,FALSE,2,Warm,Riverine,Benthic,TRUE,FALSE,TRUE,FASLE,FALSE,Invertivore/Carnivore,TRUE,TRUE,FALSE,FALSE,FALSE,1,TRUE,FALSE,FALSE,,X,,FALSE,Yes,No DO or Turb data,164013,143,0,1,0,1,1,0,1,1,0,0,0,31,3,8,1200,0,0,0,1,1,1,1,0,0,0,0,0,4,0,0,0,0,0,0,0,0,0,0,0,0,0,0,0,0,0,0,0,0,0,1,0,0,0,0,-13.9,29.1,0,0,1,1,1,1,0,0,0,0,0,1,0,0,0,0,1,0,1,1,0,1,0,1,1
F0217,,Y,Species,Luxilus chrysocephalus,striped shiner,Cyprinidae,Luxilus,chrysocephalus,,TRUE,FALSE,FALSE,TRUE,FALSE,FALSE,FALSE,TRUE,FALSE,2,Cool,Riverine,Benthopelagic,TRUE,FALSE,FALSE,TRUE,FALSE,Invertivore,TRUE,FALSE,FALSE,FALSE,FALSE,2,FALSE,TRUE,FALSE,Not at Risk,M,,FALSE,Yes,Match,163832,102,0,1,1,1,1,1,1,1,0,1,0,18,2,6,1150,0,0,0,0,1,1,1,1,1,1,0,0,6,0,0,0,0,0,0,0,0,1,0,0,0,0,0,0,0,0,0,0,0,0,0,0,0,0,0,-4.5,31.6,1,1,1,1,1,1,1,0,0,0,0,1,0,0,0,1,1,1,1,1,0,1,1,0,0
F0320,Yes,Y,Family,Lepomis sp,sunfish,Centrarchidae,Lepomis,,,TRUE,FALSE,TRUE,FALSE,FALSE,FALSE,FALSE,TRUE,FALSE,3,Warm,,,,,,,,,,,,,,1,TRUE,FALSE,FALSE,,,,FALSE,Yes,No DO or Turb data,,,,,,,,,,,,,,,,,,,,,,,,,,,,,,,,,,,,,,,,,,,,,,,,,,,,,,,,,,,,,,,,,,,,,,,,,,,,,,,,,,,
F0310,,Y,Family,Centrarchidae,sunfishes and basses family,Centrarchidae,,,,TRUE,FALSE,TRUE,FALSE,FALSE,FALSE,FALSE,TRUE,FALSE,3,Warm,,,,,,,,,,,,,,1,TRUE,FALSE,FALSE,,,,FALSE,Yes,No DO or Turb data,,,,,,,,,,,,,,,,,,,,,,,,,,,,,,,,,,,,,,,,,,,,,,,,,,,,,,,,,,,,,,,,,,,,,,,,,,,,,,,,,,,
F0236,,Y,Species,Noturus gyrinus,tadpole madtom,Ictaluridae,Noturus,gyrinus,,TRUE,FALSE,FALSE,FALSE,TRUE,FALSE,TRUE,FALSE,FALSE,2,Cool,Riverine/Lacustrine,Benthic,TRUE,TRUE,TRUE,FASLE,FALSE,Invertivore/Planktivore,TRUE,FALSE,FALSE,FALSE,TRUE,2,FALSE,TRUE,FALSE,,M,MI,TRUE,Yes,No match,164003,143,0,1,0,0,1,0,1,1,0,0,0,13,1.5,4,400,0,0,0,0,0.25,1,1,1,0.75,0,0,0,4,0,0,0,0,0,0,0,0,0,0,0,0,0,0,0,0,0,0,0,0,0,0,0,1,0,0,-4.7,32.4,0,0,0,0,0,0,0,1,1,1,0,1,0,0,1,1,1,0,1,1,0,1,1,0,0
F0346,,N,Species,Etheostoma olmstedi,tessellated darter,Percidae,Etheostoma,olmstedi,,TRUE,FALSE,FALSE,FALSE,,FALSE,,,FALSE,,Cool,Riverine/Lacustrine,Benthic,TRUE,TRUE,TRUE,FASLE,FALSE,Invertivore,TRUE,FALSE,FALSE,FALSE,FALSE,2,FALSE,TRUE,FALSE,Not at Risk,,,,No,No tolerance data,168360,350,0,1,0,0,0,0,1,0,0,0,0,11,1,3,1435,0,0,1,1,1,0,0,0,0,0,0,0,3,0,0,0,0,0,0,0,0,0,0,0,0,0,0,0,0,0,0,0,0,0,0,1,0,0,0,-5,30.6,0,1,1,1,1,0,0,0,1,0,0,1,0,0,0,1,1,0,1,1,0,1,1,0,0
F0282,Yes,Y,Species,Gasterosteus aculeatus,threespine stickleback,Gasterosteidae,Gasterosteus,aculeatus,,TRUE,FALSE,FALSE,FALSE,FALSE,FALSE,FALSE,TRUE,FALSE,3,Cool,Riverine/Lacustrine,Benthopelagic,TRUE,TRUE,FALSE,TRUE,FALSE,Invertivore,TRUE,FALSE,FALSE,FALSE,FALSE,2,FALSE,TRUE,FALSE,,M,MI,TRUE,Yes,Match,166365,291,0,1,1,1,0,0,1,0,0,1,0,11,1,2.5,250,0,0,1,1,1,0,0,0,0,0,0,0,3,0,0,0,0,0,0,0,0,0,0,0,0,0,0,0,0,0,0,1,0,0,0,0,0,0,1,-555,-555,-555,1,1,1,0,0,0,1,0,0,0,0,1,0,1,1,1,0,0,1,0,1,1,0,0
F0085,,Y,Family,Salmo sp,trout or salmon,Salmonidae,,,,TRUE,FALSE,FALSE,FALSE,TRUE,TRUE,FALSE,FALSE,TRUE,1,Cold,,,,,,,,,,,,,,3,FALSE,FALSE,TRUE,,,,TRUE,Yes,No DO or Turb data,,,,,,,,,,,,,,,,,,,,,,,,,,,,,,,,,,,,,,,,,,,,,,,,,,,,,,,,,,,,,,,,,,,,,,,,,,,,,,,,,,,
F0291,Yes,Y,Species,Percopsis omiscomaycus,trout-perch,Percopsidae,Percopsis,omiscomaycus,,TRUE,FALSE,FALSE,FALSE,FALSE,FALSE,FALSE,TRUE,FALSE,3,Cold,Riverine/Lacustrine,Benthopelagic,TRUE,TRUE,FALSE,TRUE,FALSE,Invertivore/Carnivore,TRUE,TRUE,FALSE,FALSE,FALSE,3,FALSE,FALSE,TRUE,,M,MI,TRUE,Yes,Match,164409,209,0,1,1,0,1,0,1,1,0,1,0,20,1,2.5,1825,0,0,0,0.5,1,1,0,0,0,0,0,0,2.5,0,0,0,1,0,0,0,0,0,0,0,0,0,0,0,0,0,0,0,0,0,0,0,0,0,0,-999,-999,1,1,1,1,1,1,1,0,1,1,0,0,1,0,1,1,1,0,1,1,0,0,1,0,0
F0334,Yes,Y,Species,Sander vitreus,walleye,Percidae,Sander,vitreus,,TRUE,FALSE,FALSE,FALSE,FALSE,TRUE,FALSE,FALSE,TRUE,1,Cool,Riverine/Lacustrine,Benthopelagic,TRUE,TRUE,FALSE,TRUE,FALSE,Invertivore/Carnivore,TRUE,TRUE,FALSE,FALSE,FALSE,2,FALSE,TRUE,FALSE,,M,MT,FALSE,Yes,Match,650173,350,0,0,1,0,0,0,1,1,0,0,0,89.5,3,14,600000,0,0,0,1,0,0,0,0,0,0,0,0,1,0,1,0,0,0,0,0,0,0,0,0,0,0,0,0,0,0,0,0,0,0,0,0,0,0,0,-999,-999,0,0,1,1,1,1,1,1,0,0,0,0,0,0,1,1,1,0,1,1,0,0,1,1,0
F0210,,Y,Species,Rhinichthys obtusus,western blacknose dace,Cyprinidae,Rhinichthys,obtusus,,TRUE,FALSE,FALSE,TRUE,FALSE,FALSE,TRUE,FALSE,FALSE,2,Cool,Riverine,Benthic,TRUE,FALSE,TRUE,FASLE,FALSE,Invertivore,TRUE,FALSE,FALSE,FALSE,FALSE,2,FALSE,TRUE,FALSE,,M,,FALSE,Yes,Match,163382,102,0,1,1,1,0,1,1,1,0,1,0,10,1.5,3.5,2674,0,0,0,1,1,1,0,0,0,0,0,0,3,0,0,0,0,0,0,0,0,0,1,0,0,0,0,0,0,0,0,0,0,0,0,0,0,0,0,-10.2,28.6,0,0,1,1,1,1,1,0,0,0,0,1,0,0,0,0,1,1,0,1,0,1,0,1,1
F0302,Yes,Y,Species,Morone chrysops,white bass,Moronidae,Morone,chrysops,,TRUE,FALSE,FALSE,FALSE,FALSE,FALSE,FALSE,TRUE,TRUE,3,Warm,Riverine/Lacustrine,Benthopelagic,TRUE,TRUE,FALSE,TRUE,FALSE,Invertivore/Carnivore,TRUE,TRUE,FALSE,FALSE,FALSE,1,TRUE,FALSE,FALSE,,T,T,FALSE,Yes,Match,167682,332,0,0,1,0,0,0,1,1,0,0,0,45,2,7,1000000,0,0,1,1,0,0,0,0,0,0,0,0,2,0,0,0,0,0,1,0,0,0,0,0,0,0,0,0,0,0,0,0,0,0,0,0,0,0,0,-6.2,31.7,0,0,0,1,1,0,1,0,0,0,1,0,0,1,1,1,1,0,1,0,0,0,1,0,0
F0318,,N,Species,Pomoxis annularis,white crappie,Centrarchidae,Pomoxis,annularis,,TRUE,FALSE,TRUE,FALSE,FALSE,FALSE,FALSE,TRUE,FALSE,3,Warm,Riverine/Lacustrine,Benthopelagic,TRUE,TRUE,FALSE,TRUE,FALSE,Invertivore/Carnivore,TRUE,TRUE,FALSE,FALSE,FALSE,1,TRUE,FALSE,FALSE,,T,,FALSE,Yes,Match,168166,349,0,1,1,0,0,0,1,1,0,0,0,53,1.5,10,326000,0,0,0,1,1,0.25,0,0,0,0,0,0,2.25,0,0,0,0,0,0,0,0,0,0,0,0,0,0,0,0,0,0,0,1,0,0,0,0,0,0,-6.7,31.8,1,1,1,0,0,0,0,1,1,1,0,0,1,0,1,1,1,0,1,1,0,0,1,0,0
F0301,Yes,Y,Species,Morone americana,white perch,Moronidae,Morone,americana,,FALSE,TRUE,FALSE,FALSE,FALSE,FALSE,FALSE,TRUE,TRUE,3,Warm,Riverine/Lacustrine,Benthopelagic,TRUE,TRUE,FALSE,TRUE,FALSE,Invertivore/Carnivore,TRUE,TRUE,FALSE,FALSE,FALSE,1,TRUE,FALSE,FALSE,,M,T,FALSE,Yes,Match,167678,332,0,1,1,0,0,0,1,1,0,0,0,49.5,3.5,12,150000,0,0,0,0.5,0,0,0,0,0,0,0,0,0.5,0,0,0,0,0,1,0,0,0,0,0,0,0,0,0,0,0,0,0,0,0,0,0,0,0,1,-11.4,26.2,1,1,0,0,0,0,0,0,0,0,0,0,1,0,1,1,0,0,1,1,0,0,1,0,0
F0163,Yes,Y,Species,Catostomus commersoni,white sucker,Catostomidae,Catostomus,commersonii,,TRUE,FALSE,FALSE,FALSE,FALSE,FALSE,FALSE,TRUE,FALSE,3,Cool,Riverine/Lacustrine,Benthic,TRUE,TRUE,TRUE,FASLE,FALSE,Invertivore/Detritivore,TRUE,FALSE,TRUE,FALSE,FALSE,2,FALSE,TRUE,FALSE,,T,MT,FALSE,Yes,Match,553273,105,0,1,0,1,1,1,1,0,0,1,0,64,3,8,50000,0,0,0.75,1,0,0,0,0,0,0,0,0,1.75,0,0,0,1,0,0,0,0,0,0,0,0,0,0,0,0,0,0,0,0,0,0,0,0,0,0,-999,-999,1,1,1,1,1,1,1,1,1,0,0,1,0,0,1,1,1,1,1,1,0,1,1,1,1
F0232,,Y,Species,Ameiurus natalis,yellow bullhead,Ictaluridae,Ameiurus,natalis,,TRUE,FALSE,FALSE,FALSE,FALSE,FALSE,FALSE,TRUE,FALSE,3,Warm,Riverine/Lacustrine,Benthic,TRUE,TRUE,TRUE,FASLE,FALSE,Invertivore/Carnivore,TRUE,TRUE,FALSE,FALSE,FALSE,1,TRUE,FALSE,FALSE,,T,T,FALSE,Yes,Match,164041,143,0,1,1,1,1,1,1,1,0,1,0,47,2.5,7,7000,0,0,0,1,0.5,0,0,0,0,0,0,0,1.5,0,0,0,0,0,0,0,0,0,0,0,0,0,0,0,0,0,0,0,0,0,0,1,0,0,0,-4.3,31.8,0,1,1,1,1,1,1,1,1,1,0,0,0,0,1,1,1,0,1,1,0,1,1,0,0
F0331,Yes,Y,Species,Perca flavescens,yellow perch,Percidae,Perca,flavescens,,TRUE,FALSE,FALSE,FALSE,FALSE,FALSE,FALSE,TRUE,FALSE,3,Cool,Riverine/Lacustrine,Benthopelagic,TRUE,TRUE,FALSE,TRUE,FALSE,Invertivore/Carnivore,TRUE,TRUE,FALSE,FALSE,FALSE,2,FALSE,TRUE,FALSE,,M,T,FALSE,Yes,Match,168469,350,0,1,1,0,0,0,1,1,0,1,0,50,4,12,100000,0,0.75,1,0,0,0,0,0,0,0,0,0,1.75,0,0,0,0,0,1,0,0,0,0,0,0,0,0,0,0,0,0,0,0,0,0,0,0,0,0,-999,-999,1,1,1,1,1,1,0,1,0,1,0,0,0,0,1,1,1,0,1,1,0,1,1,0,0
F0703,,,Hybrid,,Green x Pumpkinseed,,,,,,,,,,,,,,,,,,,,,,,,,,,,,,,,,,,,,,,,,,,,,,,,,,,,,,,,,,,,,,,,,,,,,,,,,,,,,,,,,,,,,,,,,,,,,,,,,,,,,,,,,,,,,,,,,,,,,,,,,
